"Géographie";"Niveau Géo";"Catégorie de logement";"Mesure du recensement ";"Indice de peuplement";"Fréquence";Période;Valeur
"Communauté d'agglomération Communauté Paris-Saclay";"Etablissement public de coopération intercommunal";"Résidences principales";"Logements";"Suroccupation modérée";"Annuel";2011;12543,11758
"Communauté d'agglomération Communauté Paris-Saclay";"Etablissement public de coopération intercommunal";"Résidences principales";"Logements";"Sous-occupation très accentuée";"Annuel";2011;23631,61264
"Communauté d'agglomération Communauté Paris-Saclay";"Etablissement public de coopération intercommunal";"Résidences principales";"Logements";"Sous-occupation modérée";"Annuel";2011;28436,63118
"Communauté d'agglomération Communauté Paris-Saclay";"Etablissement public de coopération intercommunal";"Résidences principales";"Logements";"Sous-occupation accentuée";"Annuel";2011;22549,0965
"Communauté d'agglomération Communauté Paris-Saclay";"Etablissement public de coopération intercommunal";"Résidences principales";"Logements";"Suroccupation accentuée";"Annuel";2011;1628,77787
"Communauté d'agglomération Communauté Paris-Saclay";"Etablissement public de coopération intercommunal";"Résidences principales";"Logements";"Occupation dans la norme";"Annuel";2011;27857,07027
"Villebon-sur-Yvette";"Commune";"Résidences principales";"Logements";"Sous-occupation modérée";"Annuel";2011;1047,42194
"Villebon-sur-Yvette";"Commune";"Résidences principales";"Logements";"Sous-occupation accentuée";"Annuel";2011;735,17163
"Villebon-sur-Yvette";"Commune";"Résidences principales";"Logements";"Sous-occupation très accentuée";"Annuel";2011;877,46291
"Villebon-sur-Yvette";"Commune";"Résidences principales";"Logements";"Occupation dans la norme";"Annuel";2011;936,75095
"Villebon-sur-Yvette";"Commune";"Résidences principales";"Logements";"Suroccupation accentuée";"Annuel";2011;35,57282
"Marcoussis";"Commune";"Résidences principales";"Logements";"Sous-occupation accentuée";"Annuel";2011;680
"Ballainvilliers";"Commune";"Résidences principales";"Logements";"Occupation dans la norme";"Annuel";2011;196
"Ballainvilliers";"Commune";"Résidences principales";"Logements";"Suroccupation accentuée";"Annuel";2011;12
"Ballainvilliers";"Commune";"Résidences principales";"Logements";"Sous-occupation accentuée";"Annuel";2011;344
"Marcoussis";"Commune";"Résidences principales";"Logements";"Suroccupation modérée";"Annuel";2011;180
"Marcoussis";"Commune";"Résidences principales";"Logements";"Occupation dans la norme";"Annuel";2011;516
"Ballainvilliers";"Commune";"Résidences principales";"Logements";"Sous-occupation modérée";"Annuel";2011;296
"Marcoussis";"Commune";"Résidences principales";"Logements";"Suroccupation accentuée";"Annuel";2011;36
"Ballainvilliers";"Commune";"Résidences principales";"Logements";"Suroccupation modérée";"Annuel";2011;52
"Marcoussis";"Commune";"Résidences principales";"Logements";"Sous-occupation très accentuée";"Annuel";2011;920
"Ballainvilliers";"Commune";"Résidences principales";"Logements";"Sous-occupation très accentuée";"Annuel";2011;424
"Marcoussis";"Commune";"Résidences principales";"Logements";"Sous-occupation modérée";"Annuel";2011;644
"Linas";"Commune";"Résidences principales";"Logements";"Sous-occupation accentuée";"Annuel";2011;475,40913
"Linas";"Commune";"Résidences principales";"Logements";"Suroccupation modérée";"Annuel";2011;221,59702
"Villiers-le-Bâcle";"Commune";"Résidences principales";"Logements";"Suroccupation accentuée";"Annuel";2011;4
"Villiers-le-Bâcle";"Commune";"Résidences principales";"Logements";"Sous-occupation très accentuée";"Annuel";2011;156
"Linas";"Commune";"Résidences principales";"Logements";"Sous-occupation modérée";"Annuel";2011;507,21666
"Linas";"Commune";"Résidences principales";"Logements";"Suroccupation accentuée";"Annuel";2011;48,38772
"Villiers-le-Bâcle";"Commune";"Résidences principales";"Logements";"Suroccupation modérée";"Annuel";2011;16
"Villiers-le-Bâcle";"Commune";"Résidences principales";"Logements";"Sous-occupation accentuée";"Annuel";2011;108
"Villiers-le-Bâcle";"Commune";"Résidences principales";"Logements";"Occupation dans la norme";"Annuel";2011;88
"Linas";"Commune";"Résidences principales";"Logements";"Sous-occupation très accentuée";"Annuel";2011;663,47864
"Linas";"Commune";"Résidences principales";"Logements";"Occupation dans la norme";"Annuel";2011;436,92075
"Villiers-le-Bâcle";"Commune";"Résidences principales";"Logements";"Sous-occupation modérée";"Annuel";2011;100
"Palaiseau";"Commune";"Résidences principales";"Logements";"Sous-occupation très accentuée";"Annuel";2011;2209,42823
"Vauhallan";"Commune";"Résidences principales";"Logements";"Suroccupation modérée";"Annuel";2011;24,26919
"Les Ulis";"Commune";"Résidences principales";"Logements";"Suroccupation accentuée";"Annuel";2011;261,17079
"Vauhallan";"Commune";"Résidences principales";"Logements";"Sous-occupation très accentuée";"Annuel";2011;280,10691
"Palaiseau";"Commune";"Résidences principales";"Logements";"Occupation dans la norme";"Annuel";2011;3224,65138
"Épinay-sur-Orge";"Commune";"Résidences principales";"Logements";"Suroccupation accentuée";"Annuel";2011;68,72711
"Palaiseau";"Commune";"Résidences principales";"Logements";"Sous-occupation modérée";"Annuel";2011;2991,27626
"Les Ulis";"Commune";"Résidences principales";"Logements";"Occupation dans la norme";"Annuel";2011;3037,74235
"Vauhallan";"Commune";"Résidences principales";"Logements";"Occupation dans la norme";"Annuel";2011;105,16649
"Les Ulis";"Commune";"Résidences principales";"Logements";"Sous-occupation modérée";"Annuel";2011;2608,93516
"Les Ulis";"Commune";"Résidences principales";"Logements";"Suroccupation modérée";"Annuel";2011;1351,08387
"Vauhallan";"Commune";"Résidences principales";"Logements";"Sous-occupation modérée";"Annuel";2011;125,39082
"Les Ulis";"Commune";"Résidences principales";"Logements";"Sous-occupation accentuée";"Annuel";2011;1428,37193
"Palaiseau";"Commune";"Résidences principales";"Logements";"Suroccupation accentuée";"Annuel";2011;216,18522
"Épinay-sur-Orge";"Commune";"Résidences principales";"Logements";"Suroccupation modérée";"Annuel";2011;282,07789
"Les Ulis";"Commune";"Résidences principales";"Logements";"Sous-occupation très accentuée";"Annuel";2011;583,12049
"Épinay-sur-Orge";"Commune";"Résidences principales";"Logements";"Occupation dans la norme";"Annuel";2011;756,93324
"Vauhallan";"Commune";"Résidences principales";"Logements";"Sous-occupation accentuée";"Annuel";2011;234,60217
"Épinay-sur-Orge";"Commune";"Résidences principales";"Logements";"Sous-occupation accentuée";"Annuel";2011;916,60258
"Vauhallan";"Commune";"Résidences principales";"Logements";"Suroccupation accentuée";"Annuel";2011;0
"Palaiseau";"Commune";"Résidences principales";"Logements";"Sous-occupation accentuée";"Annuel";2011;2316,55746
"Épinay-sur-Orge";"Commune";"Résidences principales";"Logements";"Sous-occupation très accentuée";"Annuel";2011;992,63399
"Palaiseau";"Commune";"Résidences principales";"Logements";"Suroccupation modérée";"Annuel";2011;1276,04633
"Épinay-sur-Orge";"Commune";"Résidences principales";"Logements";"Sous-occupation modérée";"Annuel";2011;920,2094
"Saclay";"Commune";"Résidences principales";"Logements";"Sous-occupation modérée";"Annuel";2011;253,80198
"Saulx-les-Chartreux";"Commune";"Résidences principales";"Logements";"Suroccupation accentuée";"Annuel";2011;23,93372
"Saclay";"Commune";"Résidences principales";"Logements";"Suroccupation modérée";"Annuel";2011;49,24516
"Saclay";"Commune";"Résidences principales";"Logements";"Sous-occupation très accentuée";"Annuel";2011;431,84218
"Saulx-les-Chartreux";"Commune";"Résidences principales";"Logements";"Sous-occupation modérée";"Annuel";2011;482,83141
"Saclay";"Commune";"Résidences principales";"Logements";"Occupation dans la norme";"Annuel";2011;215,92109
"Saclay";"Commune";"Résidences principales";"Logements";"Suroccupation accentuée";"Annuel";2011;0
"Saclay";"Commune";"Résidences principales";"Logements";"Sous-occupation accentuée";"Annuel";2011;265,16625
"Saulx-les-Chartreux";"Commune";"Résidences principales";"Logements";"Sous-occupation accentuée";"Annuel";2011;406,33486
"Saulx-les-Chartreux";"Commune";"Résidences principales";"Logements";"Sous-occupation très accentuée";"Annuel";2011;483,87549
"Saulx-les-Chartreux";"Commune";"Résidences principales";"Logements";"Suroccupation modérée";"Annuel";2011;125,14474
"Saulx-les-Chartreux";"Commune";"Résidences principales";"Logements";"Occupation dans la norme";"Annuel";2011;426,87159
"Saint-Aubin";"Commune";"Résidences principales";"Logements";"Suroccupation modérée";"Annuel";2011;23,86266
"Saint-Aubin";"Commune";"Résidences principales";"Logements";"Occupation dans la norme";"Annuel";2011;27,83977
"Saint-Aubin";"Commune";"Résidences principales";"Logements";"Sous-occupation très accentuée";"Annuel";2011;143,17597
"Bures-sur-Yvette";"Commune";"Résidences principales";"Logements";"Occupation dans la norme";"Annuel";2011;561,43747
"Bures-sur-Yvette";"Commune";"Résidences principales";"Logements";"Suroccupation modérée";"Annuel";2011;323,30282
"Saint-Aubin";"Commune";"Résidences principales";"Logements";"Sous-occupation accentuée";"Annuel";2011;59,65665
"Bures-sur-Yvette";"Commune";"Résidences principales";"Logements";"Sous-occupation modérée";"Annuel";2011;630,39942
"Saint-Aubin";"Commune";"Résidences principales";"Logements";"Sous-occupation modérée";"Annuel";2011;19,88555
"Bures-sur-Yvette";"Commune";"Résidences principales";"Logements";"Sous-occupation accentuée";"Annuel";2011;707,64984
"Saint-Aubin";"Commune";"Résidences principales";"Logements";"Suroccupation accentuée";"Annuel";2011;0
"Bures-sur-Yvette";"Commune";"Résidences principales";"Logements";"Suroccupation accentuée";"Annuel";2011;8,0769
"Bures-sur-Yvette";"Commune";"Résidences principales";"Logements";"Sous-occupation très accentuée";"Annuel";2011;1363,05913
"Longjumeau";"Commune";"Résidences principales";"Logements";"Occupation dans la norme";"Annuel";2011;2448,9093
"Chilly-Mazarin";"Commune";"Résidences principales";"Logements";"Suroccupation accentuée";"Annuel";2011;185,92566
"Chilly-Mazarin";"Commune";"Résidences principales";"Logements";"Sous-occupation accentuée";"Annuel";2011;1405,68373
"La Ville-du-Bois";"Commune";"Résidences principales";"Logements";"Sous-occupation très accentuée";"Annuel";2011;660
"Longjumeau";"Commune";"Résidences principales";"Logements";"Suroccupation accentuée";"Annuel";2011;124,66327
"La Ville-du-Bois";"Commune";"Résidences principales";"Logements";"Sous-occupation modérée";"Annuel";2011;520
"Nozay";"Commune";"Résidences principales";"Logements";"Occupation dans la norme";"Annuel";2011;315,15782
"Nozay";"Commune";"Résidences principales";"Logements";"Sous-occupation accentuée";"Annuel";2011;414,06486
"Longjumeau";"Commune";"Résidences principales";"Logements";"Sous-occupation accentuée";"Annuel";2011;1619,04636
"La Ville-du-Bois";"Commune";"Résidences principales";"Logements";"Suroccupation modérée";"Annuel";2011;300
"Chilly-Mazarin";"Commune";"Résidences principales";"Logements";"Sous-occupation très accentuée";"Annuel";2011;753,88141
"Nozay";"Commune";"Résidences principales";"Logements";"Suroccupation modérée";"Annuel";2011;118,772
"La Ville-du-Bois";"Commune";"Résidences principales";"Logements";"Suroccupation accentuée";"Annuel";2011;24
"Longjumeau";"Commune";"Résidences principales";"Logements";"Suroccupation modérée";"Annuel";2011;1287,26589
"Longjumeau";"Commune";"Résidences principales";"Logements";"Sous-occupation modérée";"Annuel";2011;2419,35787
"Chilly-Mazarin";"Commune";"Résidences principales";"Logements";"Suroccupation modérée";"Annuel";2011;1061,12713
"Nozay";"Commune";"Résidences principales";"Logements";"Sous-occupation modérée";"Annuel";2011;397,30422
"Chilly-Mazarin";"Commune";"Résidences principales";"Logements";"Sous-occupation modérée";"Annuel";2011;2214,75036
"La Ville-du-Bois";"Commune";"Résidences principales";"Logements";"Occupation dans la norme";"Annuel";2011;400
"Nozay";"Commune";"Résidences principales";"Logements";"Suroccupation accentuée";"Annuel";2011;12,2917
"Nozay";"Commune";"Résidences principales";"Logements";"Sous-occupation très accentuée";"Annuel";2011;452,39012
"Chilly-Mazarin";"Commune";"Résidences principales";"Logements";"Occupation dans la norme";"Annuel";2011;2192,19113
"La Ville-du-Bois";"Commune";"Résidences principales";"Logements";"Sous-occupation accentuée";"Annuel";2011;704
"Longjumeau";"Commune";"Résidences principales";"Logements";"Sous-occupation très accentuée";"Annuel";2011;955,2966
"Wissous";"Commune";"Résidences principales";"Logements";"Suroccupation accentuée";"Annuel";2011;32,62075
"Gif-sur-Yvette";"Commune";"Résidences principales";"Logements";"Suroccupation modérée";"Annuel";2011;636,90253
"Gif-sur-Yvette";"Commune";"Résidences principales";"Logements";"Sous-occupation accentuée";"Annuel";2011;1385,22504
"Orsay";"Commune";"Résidences principales";"Logements";"Sous-occupation accentuée";"Annuel";2011;1171,15615
"Gif-sur-Yvette";"Commune";"Résidences principales";"Logements";"Sous-occupation modérée";"Annuel";2011;1545,07335
"Wissous";"Commune";"Résidences principales";"Logements";"Occupation dans la norme";"Annuel";2011;567,77462
"Orsay";"Commune";"Résidences principales";"Logements";"Sous-occupation modérée";"Annuel";2011;1178,75534
"Wissous";"Commune";"Résidences principales";"Logements";"Sous-occupation modérée";"Annuel";2011;523,74308
"Orsay";"Commune";"Résidences principales";"Logements";"Suroccupation accentuée";"Annuel";2011;44,3244
"Gif-sur-Yvette";"Commune";"Résidences principales";"Logements";"Occupation dans la norme";"Annuel";2011;1465,69312
"Gif-sur-Yvette";"Commune";"Résidences principales";"Logements";"Suroccupation accentuée";"Annuel";2011;57,43471
"Wissous";"Commune";"Résidences principales";"Logements";"Sous-occupation très accentuée";"Annuel";2011;613,93347
"Wissous";"Commune";"Résidences principales";"Logements";"Suroccupation modérée";"Annuel";2011;132,73532
"Wissous";"Commune";"Résidences principales";"Logements";"Sous-occupation accentuée";"Annuel";2011;677,55991
"Gif-sur-Yvette";"Commune";"Résidences principales";"Logements";"Sous-occupation très accentuée";"Annuel";2011;2972,49955
"Orsay";"Commune";"Résidences principales";"Logements";"Occupation dans la norme";"Annuel";2011;1298,3148
"Orsay";"Commune";"Résidences principales";"Logements";"Sous-occupation très accentuée";"Annuel";2011;1889,18397
"Orsay";"Commune";"Résidences principales";"Logements";"Suroccupation modérée";"Annuel";2011;1008,91668
"Gometz-le-Châtel";"Commune";"Résidences principales";"Logements";"Sous-occupation accentuée";"Annuel";2011;287,74573
"Massy";"Commune";"Résidences principales";"Logements";"Occupation dans la norme";"Annuel";2011;5720,07067
"Champlan";"Commune";"Résidences principales";"Logements";"Suroccupation accentuée";"Annuel";2011;11,67946
"Massy";"Commune";"Résidences principales";"Logements";"Sous-occupation modérée";"Annuel";2011;5369,80125
"Gometz-le-Châtel";"Commune";"Résidences principales";"Logements";"Sous-occupation très accentuée";"Annuel";2011;284,70616
"Gometz-le-Châtel";"Commune";"Résidences principales";"Logements";"Occupation dans la norme";"Annuel";2011;133,74097
"Villejust";"Commune";"Résidences principales";"Logements";"Sous-occupation très accentuée";"Annuel";2011;196,43656
"Massy";"Commune";"Résidences principales";"Logements";"Suroccupation accentuée";"Annuel";2011;318,05209
"Champlan";"Commune";"Résidences principales";"Logements";"Occupation dans la norme";"Annuel";2011;221,90971
"Villejust";"Commune";"Résidences principales";"Logements";"Sous-occupation modérée";"Annuel";2011;212,4722
"Villejust";"Commune";"Résidences principales";"Logements";"Sous-occupation accentuée";"Annuel";2011;144,32074
"Massy";"Commune";"Résidences principales";"Logements";"Suroccupation modérée";"Annuel";2011;2215,03353
"Gometz-le-Châtel";"Commune";"Résidences principales";"Logements";"Suroccupation modérée";"Annuel";2011;101,31892
"Gometz-le-Châtel";"Commune";"Résidences principales";"Logements";"Sous-occupation modérée";"Annuel";2011;202,63784
"Villejust";"Commune";"Résidences principales";"Logements";"Suroccupation accentuée";"Annuel";2011;4,00891
"Champlan";"Commune";"Résidences principales";"Logements";"Sous-occupation modérée";"Annuel";2011;245,26862
"Champlan";"Commune";"Résidences principales";"Logements";"Sous-occupation accentuée";"Annuel";2011;214,1234
"Massy";"Commune";"Résidences principales";"Logements";"Sous-occupation accentuée";"Annuel";2011;3018,74943
"Massy";"Commune";"Résidences principales";"Logements";"Sous-occupation très accentuée";"Annuel";2011;1376,00634
"Villejust";"Commune";"Résidences principales";"Logements";"Suroccupation modérée";"Annuel";2011;84,1871
"Gometz-le-Châtel";"Commune";"Résidences principales";"Logements";"Suroccupation accentuée";"Annuel";2011;4,05276
"Champlan";"Commune";"Résidences principales";"Logements";"Sous-occupation très accentuée";"Annuel";2011;206,3371
"Champlan";"Commune";"Résidences principales";"Logements";"Suroccupation modérée";"Annuel";2011;62,29044
"Villejust";"Commune";"Résidences principales";"Logements";"Occupation dans la norme";"Annuel";2011;176,38225
"Montlhéry";"Commune";"Résidences principales";"Logements";"Sous-occupation très accentuée";"Annuel";2011;656,98311
"Montlhéry";"Commune";"Résidences principales";"Logements";"Occupation dans la norme";"Annuel";2011;721,54214
"Montlhéry";"Commune";"Résidences principales";"Logements";"Suroccupation modérée";"Annuel";2011;349,3783
"Igny";"Commune";"Résidences principales";"Logements";"Suroccupation accentuée";"Annuel";2011;21,37491
"Igny";"Commune";"Résidences principales";"Logements";"Suroccupation modérée";"Annuel";2011;354,52692
"Montlhéry";"Commune";"Résidences principales";"Logements";"Suroccupation accentuée";"Annuel";2011;45,57108
"Igny";"Commune";"Résidences principales";"Logements";"Sous-occupation très accentuée";"Annuel";2011;1059,89551
"Igny";"Commune";"Résidences principales";"Logements";"Sous-occupation modérée";"Annuel";2011;978,03108
"Igny";"Commune";"Résidences principales";"Logements";"Occupation dans la norme";"Annuel";2011;777,70038
"Montlhéry";"Commune";"Résidences principales";"Logements";"Sous-occupation accentuée";"Annuel";2011;512,67468
"Igny";"Commune";"Résidences principales";"Logements";"Sous-occupation accentuée";"Annuel";2011;994,52768
"Montlhéry";"Commune";"Résidences principales";"Logements";"Sous-occupation modérée";"Annuel";2011;588,62648
"Verrières-le-Buisson";"Commune";"Résidences principales";"Logements";"Sous-occupation accentuée";"Annuel";2011;1322,6963
"Verrières-le-Buisson";"Commune";"Résidences principales";"Logements";"Suroccupation modérée";"Annuel";2011;408,01365
"Verrières-le-Buisson";"Commune";"Résidences principales";"Logements";"Sous-occupation modérée";"Annuel";2011;1413,44089
"Verrières-le-Buisson";"Commune";"Résidences principales";"Logements";"Suroccupation accentuée";"Annuel";2011;28,72391
"Verrières-le-Buisson";"Commune";"Résidences principales";"Logements";"Occupation dans la norme";"Annuel";2011;887,44827
"Verrières-le-Buisson";"Commune";"Résidences principales";"Logements";"Sous-occupation très accentuée";"Annuel";2011;2025,8788
"Villebon-sur-Yvette";"Commune";"Résidences principales";"Logements";"Suroccupation modérée";"Annuel";2011;498,01949
"Communauté d'agglomération Communauté Paris-Saclay";"Etablissement public de coopération intercommunal";"Résidences principales";"Logements";"Occupation dans la norme";"Annuel";2016;31773,19944
"Communauté d'agglomération Communauté Paris-Saclay";"Etablissement public de coopération intercommunal";"Résidences principales";"Logements";"Suroccupation modérée";"Annuel";2016;15888,9145
"Communauté d'agglomération Communauté Paris-Saclay";"Etablissement public de coopération intercommunal";"Résidences principales";"Logements";"Sous-occupation accentuée";"Annuel";2016;22110,79308
"Communauté d'agglomération Communauté Paris-Saclay";"Etablissement public de coopération intercommunal";"Résidences principales";"Logements";"Sous-occupation modérée";"Annuel";2016;30100,25526
"Communauté d'agglomération Communauté Paris-Saclay";"Etablissement public de coopération intercommunal";"Résidences principales";"Logements";"Suroccupation accentuée";"Annuel";2016;1712,4341
"Communauté d'agglomération Communauté Paris-Saclay";"Etablissement public de coopération intercommunal";"Résidences principales";"Logements";"Sous-occupation très accentuée";"Annuel";2016;25093,40376
"Verrières-le-Buisson";"Commune";"Résidences principales";"Logements";"Sous-occupation accentuée";"Annuel";2016;1279,02139
"Verrières-le-Buisson";"Commune";"Résidences principales";"Logements";"Suroccupation accentuée";"Annuel";2016;34,81558
"Verrières-le-Buisson";"Commune";"Résidences principales";"Logements";"Sous-occupation modérée";"Annuel";2016;1238,21385
"Verrières-le-Buisson";"Commune";"Résidences principales";"Logements";"Sous-occupation très accentuée";"Annuel";2016;1998,82088
"Verrières-le-Buisson";"Commune";"Résidences principales";"Logements";"Suroccupation modérée";"Annuel";2016;482,00285
"Verrières-le-Buisson";"Commune";"Résidences principales";"Logements";"Occupation dans la norme";"Annuel";2016;1070,24802
"Marcoussis";"Commune";"Résidences principales";"Logements";"Sous-occupation accentuée";"Annuel";2016;665
"Marcoussis";"Commune";"Résidences principales";"Logements";"Sous-occupation très accentuée";"Annuel";2016;875
"Marcoussis";"Commune";"Résidences principales";"Logements";"Sous-occupation modérée";"Annuel";2016;660
"Ballainvilliers";"Commune";"Résidences principales";"Logements";"Sous-occupation modérée";"Annuel";2016;435
"Marcoussis";"Commune";"Résidences principales";"Logements";"Occupation dans la norme";"Annuel";2016;660
"Ballainvilliers";"Commune";"Résidences principales";"Logements";"Suroccupation modérée";"Annuel";2016;90
"Ballainvilliers";"Commune";"Résidences principales";"Logements";"Sous-occupation accentuée";"Annuel";2016;345
"Marcoussis";"Commune";"Résidences principales";"Logements";"Suroccupation modérée";"Annuel";2016;275
"Marcoussis";"Commune";"Résidences principales";"Logements";"Suroccupation accentuée";"Annuel";2016;20
"Ballainvilliers";"Commune";"Résidences principales";"Logements";"Sous-occupation très accentuée";"Annuel";2016;465
"Ballainvilliers";"Commune";"Résidences principales";"Logements";"Occupation dans la norme";"Annuel";2016;310
"Ballainvilliers";"Commune";"Résidences principales";"Logements";"Suroccupation accentuée";"Annuel";2016;10
"Linas";"Commune";"Résidences principales";"Logements";"Sous-occupation modérée";"Annuel";2016;625,96002
"Villiers-le-Bâcle";"Commune";"Résidences principales";"Logements";"Occupation dans la norme";"Annuel";2016;55
"Linas";"Commune";"Résidences principales";"Logements";"Sous-occupation très accentuée";"Annuel";2016;643,75194
"Linas";"Commune";"Résidences principales";"Logements";"Suroccupation accentuée";"Annuel";2016;38,77784
"Villiers-le-Bâcle";"Commune";"Résidences principales";"Logements";"Suroccupation accentuée";"Annuel";2016;0
"Villiers-le-Bâcle";"Commune";"Résidences principales";"Logements";"Suroccupation modérée";"Annuel";2016;40
"Linas";"Commune";"Résidences principales";"Logements";"Sous-occupation accentuée";"Annuel";2016;514,81488
"Linas";"Commune";"Résidences principales";"Logements";"Suroccupation modérée";"Annuel";2016;165,14637
"Villiers-le-Bâcle";"Commune";"Résidences principales";"Logements";"Sous-occupation accentuée";"Annuel";2016;125
"Villiers-le-Bâcle";"Commune";"Résidences principales";"Logements";"Sous-occupation très accentuée";"Annuel";2016;165
"Linas";"Commune";"Résidences principales";"Logements";"Occupation dans la norme";"Annuel";2016;550,15217
"Villiers-le-Bâcle";"Commune";"Résidences principales";"Logements";"Sous-occupation modérée";"Annuel";2016;105
"Villebon-sur-Yvette";"Commune";"Résidences principales";"Logements";"Occupation dans la norme";"Annuel";2016;1103,75752
"Villebon-sur-Yvette";"Commune";"Résidences principales";"Logements";"Sous-occupation accentuée";"Annuel";2016;884,00489
"Villebon-sur-Yvette";"Commune";"Résidences principales";"Logements";"Sous-occupation très accentuée";"Annuel";2016;1033,83623
"Villebon-sur-Yvette";"Commune";"Résidences principales";"Logements";"Sous-occupation modérée";"Annuel";2016;928,95429
"Villebon-sur-Yvette";"Commune";"Résidences principales";"Logements";"Suroccupation modérée";"Annuel";2016;464,47715
"Villebon-sur-Yvette";"Commune";"Résidences principales";"Logements";"Suroccupation accentuée";"Annuel";2016;44,9494
"Vauhallan";"Commune";"Résidences principales";"Logements";"Occupation dans la norme";"Annuel";2016;117,89799
"Les Ulis";"Commune";"Résidences principales";"Logements";"Sous-occupation très accentuée";"Annuel";2016;686,54211
"Vauhallan";"Commune";"Résidences principales";"Logements";"Suroccupation accentuée";"Annuel";2016;4,91242
"Palaiseau";"Commune";"Résidences principales";"Logements";"Suroccupation modérée";"Annuel";2016;2443,70423
"Palaiseau";"Commune";"Résidences principales";"Logements";"Suroccupation accentuée";"Annuel";2016;163,9626
"Épinay-sur-Orge";"Commune";"Résidences principales";"Logements";"Suroccupation accentuée";"Annuel";2016;62,07123
"Les Ulis";"Commune";"Résidences principales";"Logements";"Suroccupation accentuée";"Annuel";2016;271,4901
"Palaiseau";"Commune";"Résidences principales";"Logements";"Sous-occupation modérée";"Annuel";2016;3461,82229
"Épinay-sur-Orge";"Commune";"Résidences principales";"Logements";"Occupation dans la norme";"Annuel";2016;947,42176
"Les Ulis";"Commune";"Résidences principales";"Logements";"Sous-occupation accentuée";"Annuel";2016;1391,22023
"Les Ulis";"Commune";"Résidences principales";"Logements";"Suroccupation modérée";"Annuel";2016;1385,67716
"Épinay-sur-Orge";"Commune";"Résidences principales";"Logements";"Sous-occupation modérée";"Annuel";2016;1020,87573
"Palaiseau";"Commune";"Résidences principales";"Logements";"Occupation dans la norme";"Annuel";2016;3960,29222
"Les Ulis";"Commune";"Résidences principales";"Logements";"Occupation dans la norme";"Annuel";2016;3019,86515
"Vauhallan";"Commune";"Résidences principales";"Logements";"Sous-occupation modérée";"Annuel";2016;171,93457
"Vauhallan";"Commune";"Résidences principales";"Logements";"Sous-occupation très accentuée";"Annuel";2016;329,13189
"Épinay-sur-Orge";"Commune";"Résidences principales";"Logements";"Suroccupation modérée";"Annuel";2016;390,56362
"Les Ulis";"Commune";"Résidences principales";"Logements";"Sous-occupation modérée";"Annuel";2016;2666,37095
"Vauhallan";"Commune";"Résidences principales";"Logements";"Sous-occupation accentuée";"Annuel";2016;127,72282
"Vauhallan";"Commune";"Résidences principales";"Logements";"Suroccupation modérée";"Annuel";2016;49,12416
"Palaiseau";"Commune";"Résidences principales";"Logements";"Sous-occupation accentuée";"Annuel";2016;2341,85653
"Épinay-sur-Orge";"Commune";"Résidences principales";"Logements";"Sous-occupation très accentuée";"Annuel";2016;952,64295
"Palaiseau";"Commune";"Résidences principales";"Logements";"Sous-occupation très accentuée";"Annuel";2016;2324,61144
"Épinay-sur-Orge";"Commune";"Résidences principales";"Logements";"Sous-occupation accentuée";"Annuel";2016;916,72071
"Saulx-les-Chartreux";"Commune";"Résidences principales";"Logements";"Suroccupation modérée";"Annuel";2016;103,61045
"Saclay";"Commune";"Résidences principales";"Logements";"Suroccupation accentuée";"Annuel";2016;9,84624
"Saclay";"Commune";"Résidences principales";"Logements";"Sous-occupation très accentuée";"Annuel";2016;482,46595
"Saulx-les-Chartreux";"Commune";"Résidences principales";"Logements";"Sous-occupation accentuée";"Annuel";2016;490,275
"Saulx-les-Chartreux";"Commune";"Résidences principales";"Logements";"Suroccupation accentuée";"Annuel";2016;5,19235
"Saulx-les-Chartreux";"Commune";"Résidences principales";"Logements";"Occupation dans la norme";"Annuel";2016;480,77749
"Saclay";"Commune";"Résidences principales";"Logements";"Occupation dans la norme";"Annuel";2016;246,1561
"Saclay";"Commune";"Résidences principales";"Logements";"Sous-occupation modérée";"Annuel";2016;305,23356
"Saclay";"Commune";"Résidences principales";"Logements";"Sous-occupation accentuée";"Annuel";2016;324,92605
"Saulx-les-Chartreux";"Commune";"Résidences principales";"Logements";"Sous-occupation modérée";"Annuel";2016;432,33584
"Saulx-les-Chartreux";"Commune";"Résidences principales";"Logements";"Sous-occupation très accentuée";"Annuel";2016;580,64455
"Saclay";"Commune";"Résidences principales";"Logements";"Suroccupation modérée";"Annuel";2016;78,76995
"Saint-Aubin";"Commune";"Résidences principales";"Logements";"Suroccupation accentuée";"Annuel";2016;0
"Bures-sur-Yvette";"Commune";"Résidences principales";"Logements";"Suroccupation modérée";"Annuel";2016;379,90944
"Saint-Aubin";"Commune";"Résidences principales";"Logements";"Sous-occupation accentuée";"Annuel";2016;64,72262
"Saint-Aubin";"Commune";"Résidences principales";"Logements";"Sous-occupation modérée";"Annuel";2016;34,85064
"Bures-sur-Yvette";"Commune";"Résidences principales";"Logements";"Sous-occupation modérée";"Annuel";2016;681,70999
"Bures-sur-Yvette";"Commune";"Résidences principales";"Logements";"Sous-occupation très accentuée";"Annuel";2016;1406,46882
"Saint-Aubin";"Commune";"Résidences principales";"Logements";"Occupation dans la norme";"Annuel";2016;34,85064
"Saint-Aubin";"Commune";"Résidences principales";"Logements";"Suroccupation modérée";"Annuel";2016;9,95733
"Bures-sur-Yvette";"Commune";"Résidences principales";"Logements";"Sous-occupation accentuée";"Annuel";2016;681,60211
"Saint-Aubin";"Commune";"Résidences principales";"Logements";"Sous-occupation très accentuée";"Annuel";2016;139,40256
"Bures-sur-Yvette";"Commune";"Résidences principales";"Logements";"Occupation dans la norme";"Annuel";2016;557,40543
"Bures-sur-Yvette";"Commune";"Résidences principales";"Logements";"Suroccupation accentuée";"Annuel";2016;30,04614
"Longjumeau";"Commune";"Résidences principales";"Logements";"Sous-occupation modérée";"Annuel";2016;2176,47408
"Nozay";"Commune";"Résidences principales";"Logements";"Suroccupation accentuée";"Annuel";2016;4,60877
"Longjumeau";"Commune";"Résidences principales";"Logements";"Sous-occupation très accentuée";"Annuel";2016;1143,89024
"Chilly-Mazarin";"Commune";"Résidences principales";"Logements";"Suroccupation modérée";"Annuel";2016;1218,51611
"Nozay";"Commune";"Résidences principales";"Logements";"Sous-occupation modérée";"Annuel";2016;424,49546
"La Ville-du-Bois";"Commune";"Résidences principales";"Logements";"Occupation dans la norme";"Annuel";2016;555
"Chilly-Mazarin";"Commune";"Résidences principales";"Logements";"Sous-occupation modérée";"Annuel";2016;2303,94683
"Nozay";"Commune";"Résidences principales";"Logements";"Suroccupation modérée";"Annuel";2016;136,26809
"La Ville-du-Bois";"Commune";"Résidences principales";"Logements";"Sous-occupation très accentuée";"Annuel";2016;775
"La Ville-du-Bois";"Commune";"Résidences principales";"Logements";"Suroccupation modérée";"Annuel";2016;300
"Longjumeau";"Commune";"Résidences principales";"Logements";"Suroccupation accentuée";"Annuel";2016;146,73896
"Longjumeau";"Commune";"Résidences principales";"Logements";"Sous-occupation accentuée";"Annuel";2016;1531,84507
"Chilly-Mazarin";"Commune";"Résidences principales";"Logements";"Suroccupation accentuée";"Annuel";2016;218,89578
"Chilly-Mazarin";"Commune";"Résidences principales";"Logements";"Sous-occupation accentuée";"Annuel";2016;1394,05328
"Longjumeau";"Commune";"Résidences principales";"Logements";"Occupation dans la norme";"Annuel";2016;2450,44987
"Nozay";"Commune";"Résidences principales";"Logements";"Sous-occupation très accentuée";"Annuel";2016;561,56878
"Longjumeau";"Commune";"Résidences principales";"Logements";"Suroccupation modérée";"Annuel";2016;1223,16878
"Chilly-Mazarin";"Commune";"Résidences principales";"Logements";"Sous-occupation très accentuée";"Annuel";2016;712,05171
"Chilly-Mazarin";"Commune";"Résidences principales";"Logements";"Occupation dans la norme";"Annuel";2016;2437,30048
"La Ville-du-Bois";"Commune";"Résidences principales";"Logements";"Sous-occupation accentuée";"Annuel";2016;560
"Nozay";"Commune";"Résidences principales";"Logements";"Occupation dans la norme";"Annuel";2016;313,50447
"Nozay";"Commune";"Résidences principales";"Logements";"Sous-occupation accentuée";"Annuel";2016;349,30444
"La Ville-du-Bois";"Commune";"Résidences principales";"Logements";"Suroccupation accentuée";"Annuel";2016;40
"La Ville-du-Bois";"Commune";"Résidences principales";"Logements";"Sous-occupation modérée";"Annuel";2016;525
"Wissous";"Commune";"Résidences principales";"Logements";"Occupation dans la norme";"Annuel";2016;1040,39267
"Orsay";"Commune";"Résidences principales";"Logements";"Occupation dans la norme";"Annuel";2016;1409,00987
"Orsay";"Commune";"Résidences principales";"Logements";"Suroccupation accentuée";"Annuel";2016;52,28649
"Wissous";"Commune";"Résidences principales";"Logements";"Suroccupation modérée";"Annuel";2016;288,42141
"Orsay";"Commune";"Résidences principales";"Logements";"Sous-occupation très accentuée";"Annuel";2016;1921,25935
"Wissous";"Commune";"Résidences principales";"Logements";"Sous-occupation accentuée";"Annuel";2016;410,45547
"Gif-sur-Yvette";"Commune";"Résidences principales";"Logements";"Sous-occupation très accentuée";"Annuel";2016;3010,83823
"Gif-sur-Yvette";"Commune";"Résidences principales";"Logements";"Sous-occupation accentuée";"Annuel";2016;1434,54818
"Gif-sur-Yvette";"Commune";"Résidences principales";"Logements";"Suroccupation modérée";"Annuel";2016;908,0341
"Wissous";"Commune";"Résidences principales";"Logements";"Suroccupation accentuée";"Annuel";2016;14,99463
"Orsay";"Commune";"Résidences principales";"Logements";"Sous-occupation accentuée";"Annuel";2016;1206,24459
"Gif-sur-Yvette";"Commune";"Résidences principales";"Logements";"Sous-occupation modérée";"Annuel";2016;1495,25131
"Wissous";"Commune";"Résidences principales";"Logements";"Sous-occupation très accentuée";"Annuel";2016;649,14953
"Gif-sur-Yvette";"Commune";"Résidences principales";"Logements";"Occupation dans la norme";"Annuel";2016;1453,92104
"Orsay";"Commune";"Résidences principales";"Logements";"Sous-occupation modérée";"Annuel";2016;1293,28447
"Orsay";"Commune";"Résidences principales";"Logements";"Suroccupation modérée";"Annuel";2016;1069,4701
"Wissous";"Commune";"Résidences principales";"Logements";"Sous-occupation modérée";"Annuel";2016;740,50133
"Gif-sur-Yvette";"Commune";"Résidences principales";"Logements";"Suroccupation accentuée";"Annuel";2016;30,59163
"Villejust";"Commune";"Résidences principales";"Logements";"Sous-occupation accentuée";"Annuel";2016;177,6444
"Champlan";"Commune";"Résidences principales";"Logements";"Suroccupation accentuée";"Annuel";2016;20,27159
"Gometz-le-Châtel";"Commune";"Résidences principales";"Logements";"Suroccupation modérée";"Annuel";2016;95,47675
"Villejust";"Commune";"Résidences principales";"Logements";"Sous-occupation modérée";"Annuel";2016;222,63174
"Villejust";"Commune";"Résidences principales";"Logements";"Suroccupation accentuée";"Annuel";2016;5,0521
"Massy";"Commune";"Résidences principales";"Logements";"Suroccupation modérée";"Annuel";2016;3380,55644
"Massy";"Commune";"Résidences principales";"Logements";"Sous-occupation très accentuée";"Annuel";2016;1562,21569
"Villejust";"Commune";"Résidences principales";"Logements";"Suroccupation modérée";"Annuel";2016;72,19852
"Villejust";"Commune";"Résidences principales";"Logements";"Sous-occupation très accentuée";"Annuel";2016;244,34691
"Villejust";"Commune";"Résidences principales";"Logements";"Occupation dans la norme";"Annuel";2016;167,34206
"Gometz-le-Châtel";"Commune";"Résidences principales";"Logements";"Sous-occupation très accentuée";"Annuel";2016;321,60273
"Gometz-le-Châtel";"Commune";"Résidences principales";"Logements";"Suroccupation accentuée";"Annuel";2016;10,05031
"Massy";"Commune";"Résidences principales";"Logements";"Suroccupation accentuée";"Annuel";2016;367,83444
"Gometz-le-Châtel";"Commune";"Résidences principales";"Logements";"Occupation dans la norme";"Annuel";2016;170,85288
"Champlan";"Commune";"Résidences principales";"Logements";"Sous-occupation accentuée";"Annuel";2016;212,85171
"Champlan";"Commune";"Résidences principales";"Logements";"Suroccupation modérée";"Annuel";2016;60,81477
"Massy";"Commune";"Résidences principales";"Logements";"Sous-occupation modérée";"Annuel";2016;6167,19563
"Massy";"Commune";"Résidences principales";"Logements";"Sous-occupation accentuée";"Annuel";2016;3135,6044
"Champlan";"Commune";"Résidences principales";"Logements";"Sous-occupation très accentuée";"Annuel";2016;258,46279
"Gometz-le-Châtel";"Commune";"Résidences principales";"Logements";"Sous-occupation modérée";"Annuel";2016;200,99431
"Champlan";"Commune";"Résidences principales";"Logements";"Occupation dans la norme";"Annuel";2016;157,10483
"Champlan";"Commune";"Résidences principales";"Logements";"Sous-occupation modérée";"Annuel";2016;258,46279
"Massy";"Commune";"Résidences principales";"Logements";"Occupation dans la norme";"Annuel";2016;6908,85714
"Gometz-le-Châtel";"Commune";"Résidences principales";"Logements";"Sous-occupation accentuée";"Annuel";2016;206,02302
"Igny";"Commune";"Résidences principales";"Logements";"Sous-occupation très accentuée";"Annuel";2016;1101,07575
"Igny";"Commune";"Résidences principales";"Logements";"Suroccupation modérée";"Annuel";2016;376,46764
"Montlhéry";"Commune";"Résidences principales";"Logements";"Occupation dans la norme";"Annuel";2016;877,52467
"Montlhéry";"Commune";"Résidences principales";"Logements";"Suroccupation accentuée";"Annuel";2016;49,57766
"Igny";"Commune";"Résidences principales";"Logements";"Occupation dans la norme";"Annuel";2016;718,11497
"Igny";"Commune";"Résidences principales";"Logements";"Sous-occupation accentuée";"Annuel";2016;864,3857
"Igny";"Commune";"Résidences principales";"Logements";"Sous-occupation modérée";"Annuel";2016;889,16146
"Igny";"Commune";"Résidences principales";"Logements";"Suroccupation accentuée";"Annuel";2016;55,46783
"Montlhéry";"Commune";"Résidences principales";"Logements";"Sous-occupation modérée";"Annuel";2016;634,59411
"Montlhéry";"Commune";"Résidences principales";"Logements";"Suroccupation modérée";"Annuel";2016;401,57909
"Montlhéry";"Commune";"Résidences principales";"Logements";"Sous-occupation très accentuée";"Annuel";2016;748,62274
"Montlhéry";"Commune";"Résidences principales";"Logements";"Sous-occupation accentuée";"Annuel";2016;475,94558
"Vauhallan";"Commune";"Résidences principales";"Logements";"Suroccupation accentuée";"Annuel";2022;9,53925
"Villiers-le-Bâcle";"Commune";"Résidences principales";"Logements";"Sous-occupation modérée";"Annuel";2022;70,33816
"Linas";"Commune";"Résidences principales";"Logements";"Suroccupation accentuée";"Annuel";2022;40,77292
"Nozay";"Commune";"Résidences principales";"Logements";"Suroccupation modérée";"Annuel";2022;88,93803
"Villebon-sur-Yvette";"Commune";"Résidences principales";"Logements";"Sous-occupation très accentuée";"Annuel";2022;1155,19691
"Villebon-sur-Yvette";"Commune";"Résidences principales";"Logements";"Suroccupation accentuée";"Annuel";2022;40,35679
"Villebon-sur-Yvette";"Commune";"Résidences principales";"Logements";"Suroccupation modérée";"Annuel";2022;500,36666
"Nozay";"Commune";"Résidences principales";"Logements";"Occupation dans la norme";"Annuel";2022;289,53097
"Nozay";"Commune";"Résidences principales";"Logements";"Sous-occupation très accentuée";"Annuel";2022;642,74397
"Nozay";"Commune";"Résidences principales";"Logements";"Sous-occupation accentuée";"Annuel";2022;376,40258
"Villebon-sur-Yvette";"Commune";"Résidences principales";"Logements";"Sous-occupation modérée";"Annuel";2022;974,44657
"Villebon-sur-Yvette";"Commune";"Résidences principales";"Logements";"Occupation dans la norme";"Annuel";2022;1036,48371
"Villebon-sur-Yvette";"Commune";"Résidences principales";"Logements";"Sous-occupation accentuée";"Annuel";2022;882,5152
"Nozay";"Commune";"Résidences principales";"Logements";"Suroccupation accentuée";"Annuel";2022;0
"Communauté d'agglomération Communauté Paris-Saclay";"Etablissement public de coopération intercommunal";"Résidences principales";"Logements";"Suroccupation modérée";"Annuel";2022;19513,87414
"Palaiseau";"Commune";"Résidences principales";"Logements";"Suroccupation modérée";"Annuel";2022;3478,14347
"Palaiseau";"Commune";"Résidences principales";"Logements";"Occupation dans la norme";"Annuel";2022;4320,84032
"Palaiseau";"Commune";"Résidences principales";"Logements";"Suroccupation accentuée";"Annuel";2022;269,19001
"Les Ulis";"Commune";"Résidences principales";"Logements";"Suroccupation modérée";"Annuel";2022;1448,84623
"Les Ulis";"Commune";"Résidences principales";"Logements";"Sous-occupation très accentuée";"Annuel";2022;795,62992
"Palaiseau";"Commune";"Résidences principales";"Logements";"Sous-occupation modérée";"Annuel";2022;3688,68131
"Épinay-sur-Orge";"Commune";"Résidences principales";"Logements";"Sous-occupation accentuée";"Annuel";2022;878,53866
"Palaiseau";"Commune";"Résidences principales";"Logements";"Sous-occupation très accentuée";"Annuel";2022;2483,53716
"Les Ulis";"Commune";"Résidences principales";"Logements";"Sous-occupation modérée";"Annuel";2022;2734,61989
"Épinay-sur-Orge";"Commune";"Résidences principales";"Logements";"Suroccupation accentuée";"Annuel";2022;37,03304
"Épinay-sur-Orge";"Commune";"Résidences principales";"Logements";"Occupation dans la norme";"Annuel";2022;980,40181
"Les Ulis";"Commune";"Résidences principales";"Logements";"Sous-occupation accentuée";"Annuel";2022;1662,45186
"Épinay-sur-Orge";"Commune";"Résidences principales";"Logements";"Suroccupation modérée";"Annuel";2022;412,76651
"Épinay-sur-Orge";"Commune";"Résidences principales";"Logements";"Sous-occupation très accentuée";"Annuel";2022;1057,06487
"Épinay-sur-Orge";"Commune";"Résidences principales";"Logements";"Sous-occupation modérée";"Annuel";2022;968,23321
"Palaiseau";"Commune";"Résidences principales";"Logements";"Sous-occupation accentuée";"Annuel";2022;2239,80281
"Les Ulis";"Commune";"Résidences principales";"Logements";"Suroccupation accentuée";"Annuel";2022;328,68244
"Communauté d'agglomération Communauté Paris-Saclay";"Etablissement public de coopération intercommunal";"Résidences principales";"Logements";"Sous-occupation modérée";"Annuel";2022;30922,82701
"Communauté d'agglomération Communauté Paris-Saclay";"Etablissement public de coopération intercommunal";"Résidences principales";"Logements";"Sous-occupation accentuée";"Annuel";2022;22965,84701
"Communauté d'agglomération Communauté Paris-Saclay";"Etablissement public de coopération intercommunal";"Résidences principales";"Logements";"Occupation dans la norme";"Annuel";2022;33685,93972
"Communauté d'agglomération Communauté Paris-Saclay";"Etablissement public de coopération intercommunal";"Résidences principales";"Logements";"Sous-occupation très accentuée";"Annuel";2022;28680,20819
"Communauté d'agglomération Communauté Paris-Saclay";"Etablissement public de coopération intercommunal";"Résidences principales";"Logements";"Suroccupation accentuée";"Annuel";2022;2001,15601
"Les Ulis";"Commune";"Résidences principales";"Logements";"Occupation dans la norme";"Annuel";2022;3043,85021
"Verrières-le-Buisson";"Commune";"Résidences principales";"Logements";"Suroccupation modérée";"Annuel";2022;394,71156
"Saulx-les-Chartreux";"Commune";"Résidences principales";"Logements";"Sous-occupation accentuée";"Annuel";2022;568,10197
"Saulx-les-Chartreux";"Commune";"Résidences principales";"Logements";"Suroccupation modérée";"Annuel";2022;154,89616
"Saulx-les-Chartreux";"Commune";"Résidences principales";"Logements";"Occupation dans la norme";"Annuel";2022;722,09842
"Verrières-le-Buisson";"Commune";"Résidences principales";"Logements";"Sous-occupation très accentuée";"Annuel";2022;2246,9094
"Saulx-les-Chartreux";"Commune";"Résidences principales";"Logements";"Sous-occupation modérée";"Annuel";2022;555,42443
"Saulx-les-Chartreux";"Commune";"Résidences principales";"Logements";"Suroccupation accentuée";"Annuel";2022;54,13551
"Saclay";"Commune";"Résidences principales";"Logements";"Suroccupation accentuée";"Annuel";2022;0
"Saclay";"Commune";"Résidences principales";"Logements";"Sous-occupation très accentuée";"Annuel";2022;565,74973
"Saulx-les-Chartreux";"Commune";"Résidences principales";"Logements";"Sous-occupation très accentuée";"Annuel";2022;727,7868
"Saclay";"Commune";"Résidences principales";"Logements";"Sous-occupation modérée";"Annuel";2022;367,49166
"Saclay";"Commune";"Résidences principales";"Logements";"Suroccupation modérée";"Annuel";2022;89,33387
"Saclay";"Commune";"Résidences principales";"Logements";"Sous-occupation accentuée";"Annuel";2022;278,64356
"Saclay";"Commune";"Résidences principales";"Logements";"Occupation dans la norme";"Annuel";2022;303,45888
"Verrières-le-Buisson";"Commune";"Résidences principales";"Logements";"Occupation dans la norme";"Annuel";2022;1023,47846
"Verrières-le-Buisson";"Commune";"Résidences principales";"Logements";"Sous-occupation modérée";"Annuel";2022;1177,57559
"Verrières-le-Buisson";"Commune";"Résidences principales";"Logements";"Sous-occupation accentuée";"Annuel";2022;1250,87517
"Verrières-le-Buisson";"Commune";"Résidences principales";"Logements";"Suroccupation accentuée";"Annuel";2022;48,80921
"Bures-sur-Yvette";"Commune";"Résidences principales";"Logements";"Suroccupation modérée";"Annuel";2022;299,14881
"Chilly-Mazarin";"Commune";"Résidences principales";"Logements";"Occupation dans la norme";"Annuel";2022;2455,96506
"Chilly-Mazarin";"Commune";"Résidences principales";"Logements";"Suroccupation accentuée";"Annuel";2022;355,26704
"Bures-sur-Yvette";"Commune";"Résidences principales";"Logements";"Sous-occupation accentuée";"Annuel";2022;816,01526
"Saint-Aubin";"Commune";"Résidences principales";"Logements";"Sous-occupation accentuée";"Annuel";2022;47,02982
"Saint-Aubin";"Commune";"Résidences principales";"Logements";"Suroccupation accentuée";"Annuel";2022;0
"Bures-sur-Yvette";"Commune";"Résidences principales";"Logements";"Sous-occupation modérée";"Annuel";2022;672,21391
"Bures-sur-Yvette";"Commune";"Résidences principales";"Logements";"Occupation dans la norme";"Annuel";2022;660,42473
"Chilly-Mazarin";"Commune";"Résidences principales";"Logements";"Sous-occupation très accentuée";"Annuel";2022;780,68694
"Saint-Aubin";"Commune";"Résidences principales";"Logements";"Suroccupation modérée";"Annuel";2022;41,35245
"Bures-sur-Yvette";"Commune";"Résidences principales";"Logements";"Sous-occupation très accentuée";"Annuel";2022;1599,72462
"Chilly-Mazarin";"Commune";"Résidences principales";"Logements";"Suroccupation modérée";"Annuel";2022;1397,92893
"Saint-Aubin";"Commune";"Résidences principales";"Logements";"Sous-occupation très accentuée";"Annuel";2022;144,87344
"Chilly-Mazarin";"Commune";"Résidences principales";"Logements";"Sous-occupation modérée";"Annuel";2022;2124,66489
"Chilly-Mazarin";"Commune";"Résidences principales";"Logements";"Sous-occupation accentuée";"Annuel";2022;1381,581
"Saint-Aubin";"Commune";"Résidences principales";"Logements";"Occupation dans la norme";"Annuel";2022;25,92747
"Saint-Aubin";"Commune";"Résidences principales";"Logements";"Sous-occupation modérée";"Annuel";2022;31,61342
"Bures-sur-Yvette";"Commune";"Résidences principales";"Logements";"Suroccupation accentuée";"Annuel";2022;10,16625
"Longjumeau";"Commune";"Résidences principales";"Logements";"Suroccupation modérée";"Annuel";2022;1359,66854
"Longjumeau";"Commune";"Résidences principales";"Logements";"Sous-occupation très accentuée";"Annuel";2022;1298,47925
"Longjumeau";"Commune";"Résidences principales";"Logements";"Occupation dans la norme";"Annuel";2022;2511,21429
"La Ville-du-Bois";"Commune";"Résidences principales";"Logements";"Suroccupation accentuée";"Annuel";2022;20,01745
"La Ville-du-Bois";"Commune";"Résidences principales";"Logements";"Sous-occupation modérée";"Annuel";2022;610,53209
"La Ville-du-Bois";"Commune";"Résidences principales";"Logements";"Sous-occupation accentuée";"Annuel";2022;655,57134
"La Ville-du-Bois";"Commune";"Résidences principales";"Logements";"Sous-occupation très accentuée";"Annuel";2022;940,81994
"La Ville-du-Bois";"Commune";"Résidences principales";"Logements";"Suroccupation modérée";"Annuel";2022;295,25732
"Longjumeau";"Commune";"Résidences principales";"Logements";"Sous-occupation modérée";"Annuel";2022;2271,44414
"La Ville-du-Bois";"Commune";"Résidences principales";"Logements";"Occupation dans la norme";"Annuel";2022;685,59751
"Longjumeau";"Commune";"Résidences principales";"Logements";"Sous-occupation accentuée";"Annuel";2022;1435,08735
"Longjumeau";"Commune";"Résidences principales";"Logements";"Suroccupation accentuée";"Annuel";2022;191,93485
"Ballainvilliers";"Commune";"Résidences principales";"Logements";"Sous-occupation très accentuée";"Annuel";2022;515,11147
"Marcoussis";"Commune";"Résidences principales";"Logements";"Sous-occupation très accentuée";"Annuel";2022;1201,71735
"Ballainvilliers";"Commune";"Résidences principales";"Logements";"Suroccupation modérée";"Annuel";2022;150,03247
"Ballainvilliers";"Commune";"Résidences principales";"Logements";"Sous-occupation modérée";"Annuel";2022;400,08658
"Marcoussis";"Commune";"Résidences principales";"Logements";"Occupation dans la norme";"Annuel";2022;721,0161
"Marcoussis";"Commune";"Résidences principales";"Logements";"Suroccupation accentuée";"Annuel";2022;35,05009
"Ballainvilliers";"Commune";"Résidences principales";"Logements";"Occupation dans la norme";"Annuel";2022;420,09091
"Marcoussis";"Commune";"Résidences principales";"Logements";"Suroccupation modérée";"Annuel";2022;185,26476
"Ballainvilliers";"Commune";"Résidences principales";"Logements";"Suroccupation accentuée";"Annuel";2022;10,00216
"Marcoussis";"Commune";"Résidences principales";"Logements";"Sous-occupation modérée";"Annuel";2022;680,97317
"Marcoussis";"Commune";"Résidences principales";"Logements";"Sous-occupation accentuée";"Annuel";2022;635,90877
"Ballainvilliers";"Commune";"Résidences principales";"Logements";"Sous-occupation accentuée";"Annuel";2022;325,07035
"Linas";"Commune";"Résidences principales";"Logements";"Occupation dans la norme";"Annuel";2022;644,20703
"Villiers-le-Bâcle";"Commune";"Résidences principales";"Logements";"Sous-occupation accentuée";"Annuel";2022;95,45894
"Vauhallan";"Commune";"Résidences principales";"Logements";"Sous-occupation très accentuée";"Annuel";2022;373,50977
"Villiers-le-Bâcle";"Commune";"Résidences principales";"Logements";"Suroccupation modérée";"Annuel";2022;35,16908
"Vauhallan";"Commune";"Résidences principales";"Logements";"Sous-occupation modérée";"Annuel";2022;124,62204
"Vauhallan";"Commune";"Résidences principales";"Logements";"Sous-occupation accentuée";"Annuel";2022;134,53309
"Linas";"Commune";"Résidences principales";"Logements";"Sous-occupation accentuée";"Annuel";2022;510,46681
"Linas";"Commune";"Résidences principales";"Logements";"Sous-occupation modérée";"Annuel";2022;695,16765
"Villiers-le-Bâcle";"Commune";"Résidences principales";"Logements";"Suroccupation accentuée";"Annuel";2022;0
"Vauhallan";"Commune";"Résidences principales";"Logements";"Suroccupation modérée";"Annuel";2022;24,55725
"Villiers-le-Bâcle";"Commune";"Résidences principales";"Logements";"Occupation dans la norme";"Annuel";2022;60,28986
"Vauhallan";"Commune";"Résidences principales";"Logements";"Occupation dans la norme";"Annuel";2022;129,84543
"Villiers-le-Bâcle";"Commune";"Résidences principales";"Logements";"Sous-occupation très accentuée";"Annuel";2022;180,86957
"Linas";"Commune";"Résidences principales";"Logements";"Sous-occupation très accentuée";"Annuel";2022;798,7383
"Linas";"Commune";"Résidences principales";"Logements";"Suroccupation modérée";"Annuel";2022;228,00625
"Orsay";"Commune";"Résidences principales";"Logements";"Sous-occupation très accentuée";"Annuel";2022;2205,50097
"Wissous";"Commune";"Résidences principales";"Logements";"Suroccupation modérée";"Annuel";2022;312,44281
"Orsay";"Commune";"Résidences principales";"Logements";"Suroccupation modérée";"Annuel";2022;1165,35101
"Orsay";"Commune";"Résidences principales";"Logements";"Sous-occupation modérée";"Annuel";2022;1291,07703
"Wissous";"Commune";"Résidences principales";"Logements";"Occupation dans la norme";"Annuel";2022;814,29512
"Gif-sur-Yvette";"Commune";"Résidences principales";"Logements";"Suroccupation accentuée";"Annuel";2022;33,87361
"Wissous";"Commune";"Résidences principales";"Logements";"Sous-occupation très accentuée";"Annuel";2022;761,81071
"Wissous";"Commune";"Résidences principales";"Logements";"Sous-occupation accentuée";"Annuel";2022;537,65796
"Wissous";"Commune";"Résidences principales";"Logements";"Suroccupation accentuée";"Annuel";2022;27,9488
"Gif-sur-Yvette";"Commune";"Résidences principales";"Logements";"Suroccupation modérée";"Annuel";2022;2299,67028
"Gif-sur-Yvette";"Commune";"Résidences principales";"Logements";"Sous-occupation accentuée";"Annuel";2022;1398,1228
"Gif-sur-Yvette";"Commune";"Résidences principales";"Logements";"Sous-occupation modérée";"Annuel";2022;1695,58632
"Gif-sur-Yvette";"Commune";"Résidences principales";"Logements";"Sous-occupation très accentuée";"Annuel";2022;3362,46639
"Orsay";"Commune";"Résidences principales";"Logements";"Suroccupation accentuée";"Annuel";2022;50,23108
"Gif-sur-Yvette";"Commune";"Résidences principales";"Logements";"Occupation dans la norme";"Annuel";2022;1741,17026
"Orsay";"Commune";"Résidences principales";"Logements";"Occupation dans la norme";"Annuel";2022;1462,10159
"Orsay";"Commune";"Résidences principales";"Logements";"Sous-occupation accentuée";"Annuel";2022;1158,70817
"Wissous";"Commune";"Résidences principales";"Logements";"Sous-occupation modérée";"Annuel";2022;681,65248
"Champlan";"Commune";"Résidences principales";"Logements";"Sous-occupation modérée";"Annuel";2022;169,30446
"Villejust";"Commune";"Résidences principales";"Logements";"Occupation dans la norme";"Annuel";2022;112,34822
"Massy";"Commune";"Résidences principales";"Logements";"Sous-occupation accentuée";"Annuel";2022;3576,38432
"Villejust";"Commune";"Résidences principales";"Logements";"Sous-occupation modérée";"Annuel";2022;213,95088
"Gometz-le-Châtel";"Commune";"Résidences principales";"Logements";"Sous-occupation accentuée";"Annuel";2022;221,62807
"Gometz-le-Châtel";"Commune";"Résidences principales";"Logements";"Suroccupation accentuée";"Annuel";2022;10,07725
"Montlhéry";"Commune";"Résidences principales";"Logements";"Sous-occupation très accentuée";"Annuel";2022;779,39932
"Champlan";"Commune";"Résidences principales";"Logements";"Suroccupation accentuée";"Annuel";2022;20,53812
"Villejust";"Commune";"Résidences principales";"Logements";"Sous-occupation accentuée";"Annuel";2022;214,63224
"Champlan";"Commune";"Résidences principales";"Logements";"Sous-occupation très accentuée";"Annuel";2022;287,49534
"Massy";"Commune";"Résidences principales";"Logements";"Suroccupation modérée";"Annuel";2022;4089,90658
"Montlhéry";"Commune";"Résidences principales";"Logements";"Occupation dans la norme";"Annuel";2022;1267,4742
"Montlhéry";"Commune";"Résidences principales";"Logements";"Suroccupation accentuée";"Annuel";2022;79,7735
"Massy";"Commune";"Résidences principales";"Logements";"Sous-occupation très accentuée";"Annuel";2022;1840,15526
"Champlan";"Commune";"Résidences principales";"Logements";"Occupation dans la norme";"Annuel";2022;194,02114
"Montlhéry";"Commune";"Résidences principales";"Logements";"Sous-occupation modérée";"Annuel";2022;778,32464
"Champlan";"Commune";"Résidences principales";"Logements";"Suroccupation modérée";"Annuel";2022;74,61793
"Montlhéry";"Commune";"Résidences principales";"Logements";"Suroccupation modérée";"Annuel";2022;482,48973
"Villejust";"Commune";"Résidences principales";"Logements";"Sous-occupation très accentuée";"Annuel";2022;311,85494
"Champlan";"Commune";"Résidences principales";"Logements";"Sous-occupation accentuée";"Annuel";2022;257,26506
"Gometz-le-Châtel";"Commune";"Résidences principales";"Logements";"Occupation dans la norme";"Annuel";2022;186,16747
"Massy";"Commune";"Résidences principales";"Logements";"Occupation dans la norme";"Annuel";2022;7027,24085
"Montlhéry";"Commune";"Résidences principales";"Logements";"Sous-occupation accentuée";"Annuel";2022;540,39855
"Gometz-le-Châtel";"Commune";"Résidences principales";"Logements";"Sous-occupation très accentuée";"Annuel";2022;328,33997
"Gometz-le-Châtel";"Commune";"Résidences principales";"Logements";"Suroccupation modérée";"Annuel";2022;80,54197
"Massy";"Commune";"Résidences principales";"Logements";"Suroccupation accentuée";"Annuel";2022;303,442
"Villejust";"Commune";"Résidences principales";"Logements";"Suroccupation accentuée";"Annuel";2022;5,06235
"Villejust";"Commune";"Résidences principales";"Logements";"Suroccupation modérée";"Annuel";2022;112,70577
"Gometz-le-Châtel";"Commune";"Résidences principales";"Logements";"Sous-occupation modérée";"Annuel";2022;226,22494
"Massy";"Commune";"Résidences principales";"Logements";"Sous-occupation modérée";"Annuel";2022;6375,92225
"Igny";"Commune";"Résidences principales";"Logements";"Sous-occupation accentuée";"Annuel";2022;886,99528
"Igny";"Commune";"Résidences principales";"Logements";"Suroccupation accentuée";"Annuel";2022;19,25229
"Igny";"Commune";"Résidences principales";"Logements";"Sous-occupation modérée";"Annuel";2022;931,77078
"Igny";"Commune";"Résidences principales";"Logements";"Occupation dans la norme";"Annuel";2022;846,39971
"Igny";"Commune";"Résidences principales";"Logements";"Sous-occupation très accentuée";"Annuel";2022;1294,03589
"Igny";"Commune";"Résidences principales";"Logements";"Suroccupation modérée";"Annuel";2022;311,75972
"Nozay";"Commune";"Résidences principales";"Logements";"Sous-occupation modérée";"Annuel";2022;410,8845