"Géographie";"Niveau Géo";"Tranche d'âge du référent fiscal";"Mesures filosofi";"Unité de mesure";"Quantité d'unités (en puissance de 10)";"Statut de confidentialité";"Statut de l'observation";Période;Valeur
"Villebon-sur-Yvette";"Commune";"75 ans ou plus";"Taux de pauvreté (en %) au seuil de 60 % de la médiane du niveau de vie";"Pourcentage";"Unités";"Confidentiel (secret statistique)";"Normale";2021;
"Massy";"Commune";"De 40 à 49 ans";"Niveau de vie médian (en euros)";"Euros par an";"Unités";"Diffusable";"Normale";2021;22870
"Linas";"Commune";"De 40 à 49 ans";"Niveau de vie médian (en euros)";"Euros par an";"Unités";"Diffusable";"Normale";2021;26390
"Chilly-Mazarin";"Commune";"De 30 à 39 ans";"Taux de pauvreté (en %) au seuil de 60 % de la médiane du niveau de vie";"Pourcentage";"Unités";"Diffusable";"Normale";2021;18
"Ballainvilliers";"Commune";"De 60 à 74 ans";"Taux de pauvreté (en %) au seuil de 60 % de la médiane du niveau de vie";"Pourcentage";"Unités";"Confidentiel (secret statistique)";"Normale";2021;
"Chilly-Mazarin";"Commune";"De 60 à 74 ans";"Niveau de vie médian (en euros)";"Euros par an";"Unités";"Diffusable";"Normale";2021;26420
"Chilly-Mazarin";"Commune";"Total";"Taux de pauvreté (en %) au seuil de 60 % de la médiane du niveau de vie";"Pourcentage";"Unités";"Diffusable";"Normale";2021;17
"Marcoussis";"Commune";"75 ans ou plus";"Niveau de vie médian (en euros)";"Euros par an";"Unités";"Diffusable";"Normale";2021;28690
"Marcoussis";"Commune";"De 40 à 49 ans";"Niveau de vie médian (en euros)";"Euros par an";"Unités";"Diffusable";"Normale";2021;27590
"Nozay";"Commune";"Total";"Taux de pauvreté (en %) au seuil de 60 % de la médiane du niveau de vie";"Pourcentage";"Unités";"Diffusable";"Normale";2021;5
"Wissous";"Commune";"De 50 à 59 ans";"Taux de pauvreté (en %) au seuil de 60 % de la médiane du niveau de vie";"Pourcentage";"Unités";"Confidentiel (secret statistique)";"Normale";2021;
"Ballainvilliers";"Commune";"Moins de 30 ans";"Taux de pauvreté (en %) au seuil de 60 % de la médiane du niveau de vie";"Pourcentage";"Unités";"Confidentiel (secret statistique)";"Normale";2021;
"Épinay-sur-Orge";"Commune";"Total";"Taux de pauvreté (en %) au seuil de 60 % de la médiane du niveau de vie";"Pourcentage";"Unités";"Diffusable";"Normale";2021;8
"Villejust";"Commune";"Total";"Taux de pauvreté (en %) au seuil de 60 % de la médiane du niveau de vie";"Pourcentage";"Unités";"Confidentiel (secret statistique)";"Normale";2021;
"La Ville-du-Bois";"Commune";"Total";"Taux de pauvreté (en %) au seuil de 60 % de la médiane du niveau de vie";"Pourcentage";"Unités";"Diffusable";"Normale";2021;10
"Massy";"Commune";"Total";"Taux de pauvreté (en %) au seuil de 60 % de la médiane du niveau de vie";"Pourcentage";"Unités";"Diffusable";"Normale";2021;16
"Gometz-le-Châtel";"Commune";"De 30 à 39 ans";"Niveau de vie médian (en euros)";"Euros par an";"Unités";"Diffusable";"Normale";2021;27140
"Wissous";"Commune";"De 40 à 49 ans";"Niveau de vie médian (en euros)";"Euros par an";"Unités";"Diffusable";"Normale";2021;28820
"Verrières-le-Buisson";"Commune";"75 ans ou plus";"Taux de pauvreté (en %) au seuil de 60 % de la médiane du niveau de vie";"Pourcentage";"Unités";"Confidentiel (secret statistique)";"Normale";2021;
"Villejust";"Commune";"Moins de 30 ans";"Niveau de vie médian (en euros)";"Euros par an";"Unités";"Confidentiel (secret statistique)";"Normale";2021;
"Chilly-Mazarin";"Commune";"75 ans ou plus";"Taux de pauvreté (en %) au seuil de 60 % de la médiane du niveau de vie";"Pourcentage";"Unités";"Confidentiel (secret statistique)";"Normale";2021;
"Champlan";"Commune";"De 30 à 39 ans";"Taux de pauvreté (en %) au seuil de 60 % de la médiane du niveau de vie";"Pourcentage";"Unités";"Confidentiel (secret statistique)";"Normale";2021;
"Massy";"Commune";"Moins de 30 ans";"Niveau de vie médian (en euros)";"Euros par an";"Unités";"Diffusable";"Normale";2021;24110
"Les Ulis";"Commune";"75 ans ou plus";"Taux de pauvreté (en %) au seuil de 60 % de la médiane du niveau de vie";"Pourcentage";"Unités";"Diffusable";"Normale";2021;15
"Villebon-sur-Yvette";"Commune";"De 40 à 49 ans";"Taux de pauvreté (en %) au seuil de 60 % de la médiane du niveau de vie";"Pourcentage";"Unités";"Diffusable";"Normale";2021;10
"Montlhéry";"Commune";"De 30 à 39 ans";"Niveau de vie médian (en euros)";"Euros par an";"Unités";"Diffusable";"Normale";2021;23890
"Gometz-le-Châtel";"Commune";"De 50 à 59 ans";"Niveau de vie médian (en euros)";"Euros par an";"Unités";"Diffusable";"Normale";2021;31160
"Orsay";"Commune";"75 ans ou plus";"Taux de pauvreté (en %) au seuil de 60 % de la médiane du niveau de vie";"Pourcentage";"Unités";"Confidentiel (secret statistique)";"Normale";2021;
"Saint-Aubin";"Commune";"Moins de 30 ans";"Taux de pauvreté (en %) au seuil de 60 % de la médiane du niveau de vie";"Pourcentage";"Unités";"Confidentiel (secret statistique)";"Normale";2021;
"La Ville-du-Bois";"Commune";"Moins de 30 ans";"Taux de pauvreté (en %) au seuil de 60 % de la médiane du niveau de vie";"Pourcentage";"Unités";"Confidentiel (secret statistique)";"Normale";2021;
"Villejust";"Commune";"75 ans ou plus";"Taux de pauvreté (en %) au seuil de 60 % de la médiane du niveau de vie";"Pourcentage";"Unités";"Confidentiel (secret statistique)";"Normale";2021;
"Gometz-le-Châtel";"Commune";"De 60 à 74 ans";"Niveau de vie médian (en euros)";"Euros par an";"Unités";"Diffusable";"Normale";2021;34440
"Igny";"Commune";"De 40 à 49 ans";"Niveau de vie médian (en euros)";"Euros par an";"Unités";"Diffusable";"Normale";2021;31550
"Gif-sur-Yvette";"Commune";"De 40 à 49 ans";"Niveau de vie médian (en euros)";"Euros par an";"Unités";"Diffusable";"Normale";2021;33710
"La Ville-du-Bois";"Commune";"De 60 à 74 ans";"Taux de pauvreté (en %) au seuil de 60 % de la médiane du niveau de vie";"Pourcentage";"Unités";"Confidentiel (secret statistique)";"Normale";2021;
"Gif-sur-Yvette";"Commune";"Total";"Taux de pauvreté (en %) au seuil de 60 % de la médiane du niveau de vie";"Pourcentage";"Unités";"Diffusable";"Normale";2021;5
"Gif-sur-Yvette";"Commune";"De 50 à 59 ans";"Niveau de vie médian (en euros)";"Euros par an";"Unités";"Diffusable";"Normale";2021;37100
"Ballainvilliers";"Commune";"De 60 à 74 ans";"Niveau de vie médian (en euros)";"Euros par an";"Unités";"Diffusable";"Normale";2021;33900
"Villiers-le-Bâcle";"Commune";"De 40 à 49 ans";"Taux de pauvreté (en %) au seuil de 60 % de la médiane du niveau de vie";"Pourcentage";"Unités";"Confidentiel (secret statistique)";"Normale";2021;
"Vauhallan";"Commune";"Moins de 30 ans";"Niveau de vie médian (en euros)";"Euros par an";"Unités";"Confidentiel (secret statistique)";"Normale";2021;
"Igny";"Commune";"De 50 à 59 ans";"Taux de pauvreté (en %) au seuil de 60 % de la médiane du niveau de vie";"Pourcentage";"Unités";"Confidentiel (secret statistique)";"Normale";2021;
"Champlan";"Commune";"Moins de 30 ans";"Taux de pauvreté (en %) au seuil de 60 % de la médiane du niveau de vie";"Pourcentage";"Unités";"Confidentiel (secret statistique)";"Normale";2021;
"Nozay";"Commune";"De 60 à 74 ans";"Niveau de vie médian (en euros)";"Euros par an";"Unités";"Diffusable";"Normale";2021;31750
"Villiers-le-Bâcle";"Commune";"Total";"Taux de pauvreté (en %) au seuil de 60 % de la médiane du niveau de vie";"Pourcentage";"Unités";"Confidentiel (secret statistique)";"Normale";2021;
"Les Ulis";"Commune";"75 ans ou plus";"Niveau de vie médian (en euros)";"Euros par an";"Unités";"Diffusable";"Normale";2021;23910
"Saint-Aubin";"Commune";"De 60 à 74 ans";"Taux de pauvreté (en %) au seuil de 60 % de la médiane du niveau de vie";"Pourcentage";"Unités";"Confidentiel (secret statistique)";"Normale";2021;
"Longjumeau";"Commune";"De 30 à 39 ans";"Niveau de vie médian (en euros)";"Euros par an";"Unités";"Diffusable";"Normale";2021;21670
"Massy";"Commune";"75 ans ou plus";"Niveau de vie médian (en euros)";"Euros par an";"Unités";"Diffusable";"Normale";2021;25740
"Villebon-sur-Yvette";"Commune";"Total";"Taux de pauvreté (en %) au seuil de 60 % de la médiane du niveau de vie";"Pourcentage";"Unités";"Diffusable";"Normale";2021;7
"Villiers-le-Bâcle";"Commune";"De 30 à 39 ans";"Niveau de vie médian (en euros)";"Euros par an";"Unités";"Confidentiel (secret statistique)";"Normale";2021;
"Wissous";"Commune";"75 ans ou plus";"Niveau de vie médian (en euros)";"Euros par an";"Unités";"Diffusable";"Normale";2021;28760
"Saulx-les-Chartreux";"Commune";"75 ans ou plus";"Taux de pauvreté (en %) au seuil de 60 % de la médiane du niveau de vie";"Pourcentage";"Unités";"Confidentiel (secret statistique)";"Normale";2021;
"Villebon-sur-Yvette";"Commune";"75 ans ou plus";"Niveau de vie médian (en euros)";"Euros par an";"Unités";"Diffusable";"Normale";2021;30390
"Vauhallan";"Commune";"Total";"Taux de pauvreté (en %) au seuil de 60 % de la médiane du niveau de vie";"Pourcentage";"Unités";"Confidentiel (secret statistique)";"Normale";2021;
"Vauhallan";"Commune";"De 30 à 39 ans";"Niveau de vie médian (en euros)";"Euros par an";"Unités";"Confidentiel (secret statistique)";"Normale";2021;
"Montlhéry";"Commune";"75 ans ou plus";"Taux de pauvreté (en %) au seuil de 60 % de la médiane du niveau de vie";"Pourcentage";"Unités";"Confidentiel (secret statistique)";"Normale";2021;
"Gif-sur-Yvette";"Commune";"75 ans ou plus";"Taux de pauvreté (en %) au seuil de 60 % de la médiane du niveau de vie";"Pourcentage";"Unités";"Confidentiel (secret statistique)";"Normale";2021;
"Épinay-sur-Orge";"Commune";"Moins de 30 ans";"Niveau de vie médian (en euros)";"Euros par an";"Unités";"Diffusable";"Normale";2021;24880
"Champlan";"Commune";"De 30 à 39 ans";"Niveau de vie médian (en euros)";"Euros par an";"Unités";"Diffusable";"Normale";2021;22960
"Nozay";"Commune";"75 ans ou plus";"Niveau de vie médian (en euros)";"Euros par an";"Unités";"Diffusable";"Normale";2021;27990
"Linas";"Commune";"De 40 à 49 ans";"Taux de pauvreté (en %) au seuil de 60 % de la médiane du niveau de vie";"Pourcentage";"Unités";"Confidentiel (secret statistique)";"Normale";2021;
"Épinay-sur-Orge";"Commune";"Moins de 30 ans";"Taux de pauvreté (en %) au seuil de 60 % de la médiane du niveau de vie";"Pourcentage";"Unités";"Confidentiel (secret statistique)";"Normale";2021;
"Montlhéry";"Commune";"Moins de 30 ans";"Niveau de vie médian (en euros)";"Euros par an";"Unités";"Diffusable";"Normale";2021;22640
"Montlhéry";"Commune";"Total";"Niveau de vie médian (en euros)";"Euros par an";"Unités";"Diffusable";"Normale";2021;26310
"Igny";"Commune";"75 ans ou plus";"Taux de pauvreté (en %) au seuil de 60 % de la médiane du niveau de vie";"Pourcentage";"Unités";"Confidentiel (secret statistique)";"Normale";2021;
"Marcoussis";"Commune";"De 50 à 59 ans";"Taux de pauvreté (en %) au seuil de 60 % de la médiane du niveau de vie";"Pourcentage";"Unités";"Confidentiel (secret statistique)";"Normale";2021;
"Saclay";"Commune";"75 ans ou plus";"Taux de pauvreté (en %) au seuil de 60 % de la médiane du niveau de vie";"Pourcentage";"Unités";"Confidentiel (secret statistique)";"Normale";2021;
"Ballainvilliers";"Commune";"De 40 à 49 ans";"Taux de pauvreté (en %) au seuil de 60 % de la médiane du niveau de vie";"Pourcentage";"Unités";"Confidentiel (secret statistique)";"Normale";2021;
"Marcoussis";"Commune";"De 30 à 39 ans";"Taux de pauvreté (en %) au seuil de 60 % de la médiane du niveau de vie";"Pourcentage";"Unités";"Confidentiel (secret statistique)";"Normale";2021;
"Saint-Aubin";"Commune";"75 ans ou plus";"Niveau de vie médian (en euros)";"Euros par an";"Unités";"Confidentiel (secret statistique)";"Normale";2021;
"Verrières-le-Buisson";"Commune";"Moins de 30 ans";"Taux de pauvreté (en %) au seuil de 60 % de la médiane du niveau de vie";"Pourcentage";"Unités";"Confidentiel (secret statistique)";"Normale";2021;
"Vauhallan";"Commune";"De 60 à 74 ans";"Niveau de vie médian (en euros)";"Euros par an";"Unités";"Confidentiel (secret statistique)";"Normale";2021;
"Gometz-le-Châtel";"Commune";"75 ans ou plus";"Taux de pauvreté (en %) au seuil de 60 % de la médiane du niveau de vie";"Pourcentage";"Unités";"Confidentiel (secret statistique)";"Normale";2021;
"Bures-sur-Yvette";"Commune";"De 30 à 39 ans";"Taux de pauvreté (en %) au seuil de 60 % de la médiane du niveau de vie";"Pourcentage";"Unités";"Confidentiel (secret statistique)";"Normale";2021;
"Montlhéry";"Commune";"De 50 à 59 ans";"Taux de pauvreté (en %) au seuil de 60 % de la médiane du niveau de vie";"Pourcentage";"Unités";"Diffusable";"Normale";2021;11
"Ballainvilliers";"Commune";"De 50 à 59 ans";"Niveau de vie médian (en euros)";"Euros par an";"Unités";"Diffusable";"Normale";2021;34160
"Saulx-les-Chartreux";"Commune";"Moins de 30 ans";"Taux de pauvreté (en %) au seuil de 60 % de la médiane du niveau de vie";"Pourcentage";"Unités";"Confidentiel (secret statistique)";"Normale";2021;
"Vauhallan";"Commune";"75 ans ou plus";"Taux de pauvreté (en %) au seuil de 60 % de la médiane du niveau de vie";"Pourcentage";"Unités";"Confidentiel (secret statistique)";"Normale";2021;
"Igny";"Commune";"De 60 à 74 ans";"Taux de pauvreté (en %) au seuil de 60 % de la médiane du niveau de vie";"Pourcentage";"Unités";"Confidentiel (secret statistique)";"Normale";2021;
"Villiers-le-Bâcle";"Commune";"De 50 à 59 ans";"Niveau de vie médian (en euros)";"Euros par an";"Unités";"Confidentiel (secret statistique)";"Normale";2021;
"Gometz-le-Châtel";"Commune";"De 60 à 74 ans";"Taux de pauvreté (en %) au seuil de 60 % de la médiane du niveau de vie";"Pourcentage";"Unités";"Confidentiel (secret statistique)";"Normale";2021;
"Massy";"Commune";"De 30 à 39 ans";"Niveau de vie médian (en euros)";"Euros par an";"Unités";"Diffusable";"Normale";2021;25900
"Bures-sur-Yvette";"Commune";"De 50 à 59 ans";"Niveau de vie médian (en euros)";"Euros par an";"Unités";"Diffusable";"Normale";2021;34130
"Palaiseau";"Commune";"De 40 à 49 ans";"Niveau de vie médian (en euros)";"Euros par an";"Unités";"Diffusable";"Normale";2021;28420
"Wissous";"Commune";"Moins de 30 ans";"Taux de pauvreté (en %) au seuil de 60 % de la médiane du niveau de vie";"Pourcentage";"Unités";"Confidentiel (secret statistique)";"Normale";2021;
"Gif-sur-Yvette";"Commune";"De 50 à 59 ans";"Taux de pauvreté (en %) au seuil de 60 % de la médiane du niveau de vie";"Pourcentage";"Unités";"Diffusable";"Normale";2021;5
"Wissous";"Commune";"Total";"Niveau de vie médian (en euros)";"Euros par an";"Unités";"Diffusable";"Normale";2021;29510
"Massy";"Commune";"De 60 à 74 ans";"Taux de pauvreté (en %) au seuil de 60 % de la médiane du niveau de vie";"Pourcentage";"Unités";"Diffusable";"Normale";2021;14
"Nozay";"Commune";"De 50 à 59 ans";"Taux de pauvreté (en %) au seuil de 60 % de la médiane du niveau de vie";"Pourcentage";"Unités";"Confidentiel (secret statistique)";"Normale";2021;
"Montlhéry";"Commune";"Moins de 30 ans";"Taux de pauvreté (en %) au seuil de 60 % de la médiane du niveau de vie";"Pourcentage";"Unités";"Confidentiel (secret statistique)";"Normale";2021;
"Linas";"Commune";"75 ans ou plus";"Taux de pauvreté (en %) au seuil de 60 % de la médiane du niveau de vie";"Pourcentage";"Unités";"Confidentiel (secret statistique)";"Normale";2021;
"Linas";"Commune";"De 30 à 39 ans";"Taux de pauvreté (en %) au seuil de 60 % de la médiane du niveau de vie";"Pourcentage";"Unités";"Confidentiel (secret statistique)";"Normale";2021;
"Longjumeau";"Commune";"De 30 à 39 ans";"Taux de pauvreté (en %) au seuil de 60 % de la médiane du niveau de vie";"Pourcentage";"Unités";"Diffusable";"Normale";2021;18
"Wissous";"Commune";"Total";"Taux de pauvreté (en %) au seuil de 60 % de la médiane du niveau de vie";"Pourcentage";"Unités";"Diffusable";"Normale";2021;6
"Villiers-le-Bâcle";"Commune";"De 50 à 59 ans";"Taux de pauvreté (en %) au seuil de 60 % de la médiane du niveau de vie";"Pourcentage";"Unités";"Confidentiel (secret statistique)";"Normale";2021;
"Longjumeau";"Commune";"De 50 à 59 ans";"Niveau de vie médian (en euros)";"Euros par an";"Unités";"Diffusable";"Normale";2021;24510
"Bures-sur-Yvette";"Commune";"75 ans ou plus";"Niveau de vie médian (en euros)";"Euros par an";"Unités";"Diffusable";"Normale";2021;35830
"Ballainvilliers";"Commune";"De 50 à 59 ans";"Taux de pauvreté (en %) au seuil de 60 % de la médiane du niveau de vie";"Pourcentage";"Unités";"Confidentiel (secret statistique)";"Normale";2021;
"Orsay";"Commune";"75 ans ou plus";"Niveau de vie médian (en euros)";"Euros par an";"Unités";"Diffusable";"Normale";2021;34110
"Villiers-le-Bâcle";"Commune";"75 ans ou plus";"Niveau de vie médian (en euros)";"Euros par an";"Unités";"Confidentiel (secret statistique)";"Normale";2021;
"Chilly-Mazarin";"Commune";"De 30 à 39 ans";"Niveau de vie médian (en euros)";"Euros par an";"Unités";"Diffusable";"Normale";2021;21800
"Ballainvilliers";"Commune";"De 40 à 49 ans";"Niveau de vie médian (en euros)";"Euros par an";"Unités";"Diffusable";"Normale";2021;28250
"Marcoussis";"Commune";"De 50 à 59 ans";"Niveau de vie médian (en euros)";"Euros par an";"Unités";"Diffusable";"Normale";2021;32330
"Saint-Aubin";"Commune";"Total";"Niveau de vie médian (en euros)";"Euros par an";"Unités";"Diffusable";"Normale";2021;39060
"Saclay";"Commune";"De 30 à 39 ans";"Niveau de vie médian (en euros)";"Euros par an";"Unités";"Diffusable";"Normale";2021;31880
"Les Ulis";"Commune";"Total";"Taux de pauvreté (en %) au seuil de 60 % de la médiane du niveau de vie";"Pourcentage";"Unités";"Diffusable";"Normale";2021;22
"Wissous";"Commune";"De 60 à 74 ans";"Niveau de vie médian (en euros)";"Euros par an";"Unités";"Diffusable";"Normale";2021;31530
"Wissous";"Commune";"Moins de 30 ans";"Niveau de vie médian (en euros)";"Euros par an";"Unités";"Diffusable";"Normale";2021;24620
"Champlan";"Commune";"Total";"Taux de pauvreté (en %) au seuil de 60 % de la médiane du niveau de vie";"Pourcentage";"Unités";"Diffusable";"Normale";2021;14
"Champlan";"Commune";"De 40 à 49 ans";"Niveau de vie médian (en euros)";"Euros par an";"Unités";"Diffusable";"Normale";2021;24430
"Gometz-le-Châtel";"Commune";"De 40 à 49 ans";"Niveau de vie médian (en euros)";"Euros par an";"Unités";"Diffusable";"Normale";2021;29300
"Nozay";"Commune";"De 30 à 39 ans";"Niveau de vie médian (en euros)";"Euros par an";"Unités";"Diffusable";"Normale";2021;27600
"Marcoussis";"Commune";"Total";"Taux de pauvreté (en %) au seuil de 60 % de la médiane du niveau de vie";"Pourcentage";"Unités";"Diffusable";"Normale";2021;7
"Linas";"Commune";"Total";"Taux de pauvreté (en %) au seuil de 60 % de la médiane du niveau de vie";"Pourcentage";"Unités";"Diffusable";"Normale";2021;10
"Les Ulis";"Commune";"Total";"Niveau de vie médian (en euros)";"Euros par an";"Unités";"Diffusable";"Normale";2021;19950
"Champlan";"Commune";"De 60 à 74 ans";"Taux de pauvreté (en %) au seuil de 60 % de la médiane du niveau de vie";"Pourcentage";"Unités";"Confidentiel (secret statistique)";"Normale";2021;
"Linas";"Commune";"De 30 à 39 ans";"Niveau de vie médian (en euros)";"Euros par an";"Unités";"Diffusable";"Normale";2021;24780
"Bures-sur-Yvette";"Commune";"De 60 à 74 ans";"Taux de pauvreté (en %) au seuil de 60 % de la médiane du niveau de vie";"Pourcentage";"Unités";"Confidentiel (secret statistique)";"Normale";2021;
"Montlhéry";"Commune";"De 60 à 74 ans";"Niveau de vie médian (en euros)";"Euros par an";"Unités";"Diffusable";"Normale";2021;28820
"Vauhallan";"Commune";"75 ans ou plus";"Niveau de vie médian (en euros)";"Euros par an";"Unités";"Confidentiel (secret statistique)";"Normale";2021;
"Villejust";"Commune";"Total";"Niveau de vie médian (en euros)";"Euros par an";"Unités";"Diffusable";"Normale";2021;29140
"Vauhallan";"Commune";"De 30 à 39 ans";"Taux de pauvreté (en %) au seuil de 60 % de la médiane du niveau de vie";"Pourcentage";"Unités";"Confidentiel (secret statistique)";"Normale";2021;
"Champlan";"Commune";"Moins de 30 ans";"Niveau de vie médian (en euros)";"Euros par an";"Unités";"Confidentiel (secret statistique)";"Normale";2021;
"Les Ulis";"Commune";"De 60 à 74 ans";"Niveau de vie médian (en euros)";"Euros par an";"Unités";"Diffusable";"Normale";2021;22170
"Igny";"Commune";"De 60 à 74 ans";"Niveau de vie médian (en euros)";"Euros par an";"Unités";"Diffusable";"Normale";2021;34920
"Massy";"Commune";"Moins de 30 ans";"Taux de pauvreté (en %) au seuil de 60 % de la médiane du niveau de vie";"Pourcentage";"Unités";"Diffusable";"Normale";2021;19
"Wissous";"Commune";"De 30 à 39 ans";"Niveau de vie médian (en euros)";"Euros par an";"Unités";"Diffusable";"Normale";2021;27330
"Saclay";"Commune";"De 50 à 59 ans";"Taux de pauvreté (en %) au seuil de 60 % de la médiane du niveau de vie";"Pourcentage";"Unités";"Confidentiel (secret statistique)";"Normale";2021;
"Verrières-le-Buisson";"Commune";"Total";"Taux de pauvreté (en %) au seuil de 60 % de la médiane du niveau de vie";"Pourcentage";"Unités";"Diffusable";"Normale";2021;7
"Palaiseau";"Commune";"Total";"Niveau de vie médian (en euros)";"Euros par an";"Unités";"Diffusable";"Normale";2021;28570
"Épinay-sur-Orge";"Commune";"De 40 à 49 ans";"Taux de pauvreté (en %) au seuil de 60 % de la médiane du niveau de vie";"Pourcentage";"Unités";"Confidentiel (secret statistique)";"Normale";2021;
"Villejust";"Commune";"De 40 à 49 ans";"Niveau de vie médian (en euros)";"Euros par an";"Unités";"Diffusable";"Normale";2021;30070
"Igny";"Commune";"De 50 à 59 ans";"Niveau de vie médian (en euros)";"Euros par an";"Unités";"Diffusable";"Normale";2021;34470
"Montlhéry";"Commune";"De 40 à 49 ans";"Taux de pauvreté (en %) au seuil de 60 % de la médiane du niveau de vie";"Pourcentage";"Unités";"Diffusable";"Normale";2021;14
"Bures-sur-Yvette";"Commune";"Moins de 30 ans";"Taux de pauvreté (en %) au seuil de 60 % de la médiane du niveau de vie";"Pourcentage";"Unités";"Confidentiel (secret statistique)";"Normale";2021;
"Chilly-Mazarin";"Commune";"Moins de 30 ans";"Niveau de vie médian (en euros)";"Euros par an";"Unités";"Diffusable";"Normale";2021;22130
"Chilly-Mazarin";"Commune";"De 60 à 74 ans";"Taux de pauvreté (en %) au seuil de 60 % de la médiane du niveau de vie";"Pourcentage";"Unités";"Diffusable";"Normale";2021;11
"La Ville-du-Bois";"Commune";"De 30 à 39 ans";"Niveau de vie médian (en euros)";"Euros par an";"Unités";"Diffusable";"Normale";2021;25170
"Gometz-le-Châtel";"Commune";"De 40 à 49 ans";"Taux de pauvreté (en %) au seuil de 60 % de la médiane du niveau de vie";"Pourcentage";"Unités";"Confidentiel (secret statistique)";"Normale";2021;
"Gif-sur-Yvette";"Commune";"Total";"Niveau de vie médian (en euros)";"Euros par an";"Unités";"Diffusable";"Normale";2021;34730
"Saint-Aubin";"Commune";"Moins de 30 ans";"Niveau de vie médian (en euros)";"Euros par an";"Unités";"Confidentiel (secret statistique)";"Normale";2021;
"Verrières-le-Buisson";"Commune";"De 30 à 39 ans";"Taux de pauvreté (en %) au seuil de 60 % de la médiane du niveau de vie";"Pourcentage";"Unités";"Confidentiel (secret statistique)";"Normale";2021;
"Saulx-les-Chartreux";"Commune";"Total";"Niveau de vie médian (en euros)";"Euros par an";"Unités";"Diffusable";"Normale";2021;27220
"Montlhéry";"Commune";"Total";"Taux de pauvreté (en %) au seuil de 60 % de la médiane du niveau de vie";"Pourcentage";"Unités";"Diffusable";"Normale";2021;12
"Saint-Aubin";"Commune";"De 40 à 49 ans";"Niveau de vie médian (en euros)";"Euros par an";"Unités";"Confidentiel (secret statistique)";"Normale";2021;
"Chilly-Mazarin";"Commune";"De 50 à 59 ans";"Taux de pauvreté (en %) au seuil de 60 % de la médiane du niveau de vie";"Pourcentage";"Unités";"Diffusable";"Normale";2021;17
"Villebon-sur-Yvette";"Commune";"Total";"Niveau de vie médian (en euros)";"Euros par an";"Unités";"Diffusable";"Normale";2021;29190
"Verrières-le-Buisson";"Commune";"Moins de 30 ans";"Niveau de vie médian (en euros)";"Euros par an";"Unités";"Diffusable";"Normale";2021;21600
"Nozay";"Commune";"Moins de 30 ans";"Niveau de vie médian (en euros)";"Euros par an";"Unités";"Confidentiel (secret statistique)";"Normale";2021;
"Les Ulis";"Commune";"De 30 à 39 ans";"Niveau de vie médian (en euros)";"Euros par an";"Unités";"Diffusable";"Normale";2021;19270
"Villebon-sur-Yvette";"Commune";"Moins de 30 ans";"Niveau de vie médian (en euros)";"Euros par an";"Unités";"Diffusable";"Normale";2021;22040
"Épinay-sur-Orge";"Commune";"De 50 à 59 ans";"Taux de pauvreté (en %) au seuil de 60 % de la médiane du niveau de vie";"Pourcentage";"Unités";"Confidentiel (secret statistique)";"Normale";2021;
"Palaiseau";"Commune";"Total";"Taux de pauvreté (en %) au seuil de 60 % de la médiane du niveau de vie";"Pourcentage";"Unités";"Diffusable";"Normale";2021;11
"Villiers-le-Bâcle";"Commune";"De 60 à 74 ans";"Taux de pauvreté (en %) au seuil de 60 % de la médiane du niveau de vie";"Pourcentage";"Unités";"Confidentiel (secret statistique)";"Normale";2021;
"Villejust";"Commune";"De 40 à 49 ans";"Taux de pauvreté (en %) au seuil de 60 % de la médiane du niveau de vie";"Pourcentage";"Unités";"Confidentiel (secret statistique)";"Normale";2021;
"Orsay";"Commune";"Total";"Taux de pauvreté (en %) au seuil de 60 % de la médiane du niveau de vie";"Pourcentage";"Unités";"Diffusable";"Normale";2021;6
"La Ville-du-Bois";"Commune";"De 30 à 39 ans";"Taux de pauvreté (en %) au seuil de 60 % de la médiane du niveau de vie";"Pourcentage";"Unités";"Diffusable";"Normale";2021;13
"Saclay";"Commune";"De 40 à 49 ans";"Taux de pauvreté (en %) au seuil de 60 % de la médiane du niveau de vie";"Pourcentage";"Unités";"Confidentiel (secret statistique)";"Normale";2021;
"Saint-Aubin";"Commune";"De 60 à 74 ans";"Niveau de vie médian (en euros)";"Euros par an";"Unités";"Confidentiel (secret statistique)";"Normale";2021;
"Saint-Aubin";"Commune";"De 40 à 49 ans";"Taux de pauvreté (en %) au seuil de 60 % de la médiane du niveau de vie";"Pourcentage";"Unités";"Confidentiel (secret statistique)";"Normale";2021;
"Saclay";"Commune";"De 60 à 74 ans";"Niveau de vie médian (en euros)";"Euros par an";"Unités";"Diffusable";"Normale";2021;35470
"Linas";"Commune";"De 50 à 59 ans";"Taux de pauvreté (en %) au seuil de 60 % de la médiane du niveau de vie";"Pourcentage";"Unités";"Confidentiel (secret statistique)";"Normale";2021;
"Igny";"Commune";"De 30 à 39 ans";"Niveau de vie médian (en euros)";"Euros par an";"Unités";"Diffusable";"Normale";2021;29390
"Villebon-sur-Yvette";"Commune";"De 60 à 74 ans";"Niveau de vie médian (en euros)";"Euros par an";"Unités";"Diffusable";"Normale";2021;32360
"Épinay-sur-Orge";"Commune";"De 30 à 39 ans";"Niveau de vie médian (en euros)";"Euros par an";"Unités";"Diffusable";"Normale";2021;27330
"Villiers-le-Bâcle";"Commune";"Moins de 30 ans";"Niveau de vie médian (en euros)";"Euros par an";"Unités";"Confidentiel (secret statistique)";"Normale";2021;
"La Ville-du-Bois";"Commune";"Moins de 30 ans";"Niveau de vie médian (en euros)";"Euros par an";"Unités";"Diffusable";"Normale";2021;21800
"Bures-sur-Yvette";"Commune";"Total";"Taux de pauvreté (en %) au seuil de 60 % de la médiane du niveau de vie";"Pourcentage";"Unités";"Diffusable";"Normale";2021;7
"Verrières-le-Buisson";"Commune";"De 30 à 39 ans";"Niveau de vie médian (en euros)";"Euros par an";"Unités";"Diffusable";"Normale";2021;29060
"Villiers-le-Bâcle";"Commune";"De 40 à 49 ans";"Niveau de vie médian (en euros)";"Euros par an";"Unités";"Confidentiel (secret statistique)";"Normale";2021;
"Palaiseau";"Commune";"De 50 à 59 ans";"Taux de pauvreté (en %) au seuil de 60 % de la médiane du niveau de vie";"Pourcentage";"Unités";"Diffusable";"Normale";2021;9
"Orsay";"Commune";"De 50 à 59 ans";"Taux de pauvreté (en %) au seuil de 60 % de la médiane du niveau de vie";"Pourcentage";"Unités";"Confidentiel (secret statistique)";"Normale";2021;
"Orsay";"Commune";"Moins de 30 ans";"Niveau de vie médian (en euros)";"Euros par an";"Unités";"Diffusable";"Normale";2021;22310
"Verrières-le-Buisson";"Commune";"De 50 à 59 ans";"Taux de pauvreté (en %) au seuil de 60 % de la médiane du niveau de vie";"Pourcentage";"Unités";"Diffusable";"Normale";2021;6
"Villiers-le-Bâcle";"Commune";"De 30 à 39 ans";"Taux de pauvreté (en %) au seuil de 60 % de la médiane du niveau de vie";"Pourcentage";"Unités";"Confidentiel (secret statistique)";"Normale";2021;
"Verrières-le-Buisson";"Commune";"De 60 à 74 ans";"Taux de pauvreté (en %) au seuil de 60 % de la médiane du niveau de vie";"Pourcentage";"Unités";"Confidentiel (secret statistique)";"Normale";2021;
"Saulx-les-Chartreux";"Commune";"De 40 à 49 ans";"Taux de pauvreté (en %) au seuil de 60 % de la médiane du niveau de vie";"Pourcentage";"Unités";"Confidentiel (secret statistique)";"Normale";2021;
"La Ville-du-Bois";"Commune";"75 ans ou plus";"Niveau de vie médian (en euros)";"Euros par an";"Unités";"Diffusable";"Normale";2021;27010
"Verrières-le-Buisson";"Commune";"De 50 à 59 ans";"Niveau de vie médian (en euros)";"Euros par an";"Unités";"Diffusable";"Normale";2021;39390
"Gometz-le-Châtel";"Commune";"De 50 à 59 ans";"Taux de pauvreté (en %) au seuil de 60 % de la médiane du niveau de vie";"Pourcentage";"Unités";"Confidentiel (secret statistique)";"Normale";2021;
"Nozay";"Commune";"De 60 à 74 ans";"Taux de pauvreté (en %) au seuil de 60 % de la médiane du niveau de vie";"Pourcentage";"Unités";"Confidentiel (secret statistique)";"Normale";2021;
"Villejust";"Commune";"De 30 à 39 ans";"Niveau de vie médian (en euros)";"Euros par an";"Unités";"Diffusable";"Normale";2021;28010
"Montlhéry";"Commune";"75 ans ou plus";"Niveau de vie médian (en euros)";"Euros par an";"Unités";"Diffusable";"Normale";2021;26470
"Longjumeau";"Commune";"Total";"Taux de pauvreté (en %) au seuil de 60 % de la médiane du niveau de vie";"Pourcentage";"Unités";"Diffusable";"Normale";2021;16
"Orsay";"Commune";"De 60 à 74 ans";"Niveau de vie médian (en euros)";"Euros par an";"Unités";"Diffusable";"Normale";2021;36840
"Linas";"Commune";"De 60 à 74 ans";"Taux de pauvreté (en %) au seuil de 60 % de la médiane du niveau de vie";"Pourcentage";"Unités";"Confidentiel (secret statistique)";"Normale";2021;
"Orsay";"Commune";"De 50 à 59 ans";"Niveau de vie médian (en euros)";"Euros par an";"Unités";"Diffusable";"Normale";2021;36360
"Saulx-les-Chartreux";"Commune";"Total";"Taux de pauvreté (en %) au seuil de 60 % de la médiane du niveau de vie";"Pourcentage";"Unités";"Diffusable";"Normale";2021;9
"Bures-sur-Yvette";"Commune";"De 50 à 59 ans";"Taux de pauvreté (en %) au seuil de 60 % de la médiane du niveau de vie";"Pourcentage";"Unités";"Confidentiel (secret statistique)";"Normale";2021;
"Vauhallan";"Commune";"De 50 à 59 ans";"Taux de pauvreté (en %) au seuil de 60 % de la médiane du niveau de vie";"Pourcentage";"Unités";"Confidentiel (secret statistique)";"Normale";2021;
"Massy";"Commune";"De 30 à 39 ans";"Taux de pauvreté (en %) au seuil de 60 % de la médiane du niveau de vie";"Pourcentage";"Unités";"Diffusable";"Normale";2021;14
"Villiers-le-Bâcle";"Commune";"75 ans ou plus";"Taux de pauvreté (en %) au seuil de 60 % de la médiane du niveau de vie";"Pourcentage";"Unités";"Confidentiel (secret statistique)";"Normale";2021;
"Villejust";"Commune";"De 60 à 74 ans";"Niveau de vie médian (en euros)";"Euros par an";"Unités";"Diffusable";"Normale";2021;30300
"Vauhallan";"Commune";"Moins de 30 ans";"Taux de pauvreté (en %) au seuil de 60 % de la médiane du niveau de vie";"Pourcentage";"Unités";"Confidentiel (secret statistique)";"Normale";2021;
"Orsay";"Commune";"Moins de 30 ans";"Taux de pauvreté (en %) au seuil de 60 % de la médiane du niveau de vie";"Pourcentage";"Unités";"Diffusable";"Normale";2021;22
"Palaiseau";"Commune";"75 ans ou plus";"Niveau de vie médian (en euros)";"Euros par an";"Unités";"Diffusable";"Normale";2021;30390
"Villiers-le-Bâcle";"Commune";"Total";"Niveau de vie médian (en euros)";"Euros par an";"Unités";"Diffusable";"Normale";2021;34170
"Vauhallan";"Commune";"De 60 à 74 ans";"Taux de pauvreté (en %) au seuil de 60 % de la médiane du niveau de vie";"Pourcentage";"Unités";"Confidentiel (secret statistique)";"Normale";2021;
"Nozay";"Commune";"Moins de 30 ans";"Taux de pauvreté (en %) au seuil de 60 % de la médiane du niveau de vie";"Pourcentage";"Unités";"Confidentiel (secret statistique)";"Normale";2021;
"Longjumeau";"Commune";"De 40 à 49 ans";"Niveau de vie médian (en euros)";"Euros par an";"Unités";"Diffusable";"Normale";2021;22240
"Longjumeau";"Commune";"Total";"Niveau de vie médian (en euros)";"Euros par an";"Unités";"Diffusable";"Normale";2021;23320
"Palaiseau";"Commune";"De 50 à 59 ans";"Niveau de vie médian (en euros)";"Euros par an";"Unités";"Diffusable";"Normale";2021;30480
"Longjumeau";"Commune";"Moins de 30 ans";"Niveau de vie médian (en euros)";"Euros par an";"Unités";"Diffusable";"Normale";2021;21440
"Ballainvilliers";"Commune";"75 ans ou plus";"Taux de pauvreté (en %) au seuil de 60 % de la médiane du niveau de vie";"Pourcentage";"Unités";"Confidentiel (secret statistique)";"Normale";2021;
"Champlan";"Commune";"75 ans ou plus";"Niveau de vie médian (en euros)";"Euros par an";"Unités";"Diffusable";"Normale";2021;25250
"Chilly-Mazarin";"Commune";"Moins de 30 ans";"Taux de pauvreté (en %) au seuil de 60 % de la médiane du niveau de vie";"Pourcentage";"Unités";"Diffusable";"Normale";2021;17
"Orsay";"Commune";"De 30 à 39 ans";"Taux de pauvreté (en %) au seuil de 60 % de la médiane du niveau de vie";"Pourcentage";"Unités";"Diffusable";"Normale";2021;9
"Palaiseau";"Commune";"De 60 à 74 ans";"Taux de pauvreté (en %) au seuil de 60 % de la médiane du niveau de vie";"Pourcentage";"Unités";"Diffusable";"Normale";2021;7
"Villiers-le-Bâcle";"Commune";"De 60 à 74 ans";"Niveau de vie médian (en euros)";"Euros par an";"Unités";"Confidentiel (secret statistique)";"Normale";2021;
"Les Ulis";"Commune";"De 30 à 39 ans";"Taux de pauvreté (en %) au seuil de 60 % de la médiane du niveau de vie";"Pourcentage";"Unités";"Diffusable";"Normale";2021;23
"Ballainvilliers";"Commune";"De 30 à 39 ans";"Niveau de vie médian (en euros)";"Euros par an";"Unités";"Diffusable";"Normale";2021;27080
"Les Ulis";"Commune";"De 40 à 49 ans";"Niveau de vie médian (en euros)";"Euros par an";"Unités";"Diffusable";"Normale";2021;18410
"Saclay";"Commune";"De 50 à 59 ans";"Niveau de vie médian (en euros)";"Euros par an";"Unités";"Diffusable";"Normale";2021;38450
"Gif-sur-Yvette";"Commune";"De 60 à 74 ans";"Taux de pauvreté (en %) au seuil de 60 % de la médiane du niveau de vie";"Pourcentage";"Unités";"Confidentiel (secret statistique)";"Normale";2021;
"Les Ulis";"Commune";"Moins de 30 ans";"Taux de pauvreté (en %) au seuil de 60 % de la médiane du niveau de vie";"Pourcentage";"Unités";"Diffusable";"Normale";2021;23
"Massy";"Commune";"De 60 à 74 ans";"Niveau de vie médian (en euros)";"Euros par an";"Unités";"Diffusable";"Normale";2021;24840
"Marcoussis";"Commune";"Moins de 30 ans";"Taux de pauvreté (en %) au seuil de 60 % de la médiane du niveau de vie";"Pourcentage";"Unités";"Confidentiel (secret statistique)";"Normale";2021;
"Montlhéry";"Commune";"De 50 à 59 ans";"Niveau de vie médian (en euros)";"Euros par an";"Unités";"Diffusable";"Normale";2021;29200
"Villejust";"Commune";"De 50 à 59 ans";"Taux de pauvreté (en %) au seuil de 60 % de la médiane du niveau de vie";"Pourcentage";"Unités";"Confidentiel (secret statistique)";"Normale";2021;
"Champlan";"Commune";"75 ans ou plus";"Taux de pauvreté (en %) au seuil de 60 % de la médiane du niveau de vie";"Pourcentage";"Unités";"Confidentiel (secret statistique)";"Normale";2021;
"La Ville-du-Bois";"Commune";"De 50 à 59 ans";"Niveau de vie médian (en euros)";"Euros par an";"Unités";"Diffusable";"Normale";2021;30620
"Igny";"Commune";"De 30 à 39 ans";"Taux de pauvreté (en %) au seuil de 60 % de la médiane du niveau de vie";"Pourcentage";"Unités";"Diffusable";"Normale";2021;10
"Gif-sur-Yvette";"Commune";"Moins de 30 ans";"Niveau de vie médian (en euros)";"Euros par an";"Unités";"Diffusable";"Normale";2021;23420
"Longjumeau";"Commune";"75 ans ou plus";"Niveau de vie médian (en euros)";"Euros par an";"Unités";"Diffusable";"Normale";2021;25370
"Wissous";"Commune";"De 60 à 74 ans";"Taux de pauvreté (en %) au seuil de 60 % de la médiane du niveau de vie";"Pourcentage";"Unités";"Confidentiel (secret statistique)";"Normale";2021;
"Marcoussis";"Commune";"De 40 à 49 ans";"Taux de pauvreté (en %) au seuil de 60 % de la médiane du niveau de vie";"Pourcentage";"Unités";"Confidentiel (secret statistique)";"Normale";2021;
"Gif-sur-Yvette";"Commune";"De 60 à 74 ans";"Niveau de vie médian (en euros)";"Euros par an";"Unités";"Diffusable";"Normale";2021;40180
"Épinay-sur-Orge";"Commune";"De 50 à 59 ans";"Niveau de vie médian (en euros)";"Euros par an";"Unités";"Diffusable";"Normale";2021;30980
"Champlan";"Commune";"De 50 à 59 ans";"Niveau de vie médian (en euros)";"Euros par an";"Unités";"Diffusable";"Normale";2021;25900
"Montlhéry";"Commune";"De 30 à 39 ans";"Taux de pauvreté (en %) au seuil de 60 % de la médiane du niveau de vie";"Pourcentage";"Unités";"Diffusable";"Normale";2021;15
"Vauhallan";"Commune";"De 50 à 59 ans";"Niveau de vie médian (en euros)";"Euros par an";"Unités";"Confidentiel (secret statistique)";"Normale";2021;
"Gometz-le-Châtel";"Commune";"Moins de 30 ans";"Taux de pauvreté (en %) au seuil de 60 % de la médiane du niveau de vie";"Pourcentage";"Unités";"Confidentiel (secret statistique)";"Normale";2021;
"Longjumeau";"Commune";"De 40 à 49 ans";"Taux de pauvreté (en %) au seuil de 60 % de la médiane du niveau de vie";"Pourcentage";"Unités";"Diffusable";"Normale";2021;19
"Igny";"Commune";"Total";"Taux de pauvreté (en %) au seuil de 60 % de la médiane du niveau de vie";"Pourcentage";"Unités";"Diffusable";"Normale";2021;7
"Chilly-Mazarin";"Commune";"De 50 à 59 ans";"Niveau de vie médian (en euros)";"Euros par an";"Unités";"Diffusable";"Normale";2021;23470
"Ballainvilliers";"Commune";"De 30 à 39 ans";"Taux de pauvreté (en %) au seuil de 60 % de la médiane du niveau de vie";"Pourcentage";"Unités";"Confidentiel (secret statistique)";"Normale";2021;
"Bures-sur-Yvette";"Commune";"De 30 à 39 ans";"Niveau de vie médian (en euros)";"Euros par an";"Unités";"Diffusable";"Normale";2021;29500
"Verrières-le-Buisson";"Commune";"De 40 à 49 ans";"Taux de pauvreté (en %) au seuil de 60 % de la médiane du niveau de vie";"Pourcentage";"Unités";"Diffusable";"Normale";2021;9
"Marcoussis";"Commune";"Total";"Niveau de vie médian (en euros)";"Euros par an";"Unités";"Diffusable";"Normale";2021;28880
"Wissous";"Commune";"De 30 à 39 ans";"Taux de pauvreté (en %) au seuil de 60 % de la médiane du niveau de vie";"Pourcentage";"Unités";"Confidentiel (secret statistique)";"Normale";2021;
"Les Ulis";"Commune";"De 50 à 59 ans";"Niveau de vie médian (en euros)";"Euros par an";"Unités";"Diffusable";"Normale";2021;19970
"Saulx-les-Chartreux";"Commune";"Moins de 30 ans";"Niveau de vie médian (en euros)";"Euros par an";"Unités";"Diffusable";"Normale";2021;24110
"Chilly-Mazarin";"Commune";"75 ans ou plus";"Niveau de vie médian (en euros)";"Euros par an";"Unités";"Diffusable";"Normale";2021;27060
"Linas";"Commune";"De 50 à 59 ans";"Niveau de vie médian (en euros)";"Euros par an";"Unités";"Diffusable";"Normale";2021;28440
"Saulx-les-Chartreux";"Commune";"75 ans ou plus";"Niveau de vie médian (en euros)";"Euros par an";"Unités";"Diffusable";"Normale";2021;27720
"Saint-Aubin";"Commune";"De 30 à 39 ans";"Taux de pauvreté (en %) au seuil de 60 % de la médiane du niveau de vie";"Pourcentage";"Unités";"Confidentiel (secret statistique)";"Normale";2021;
"Bures-sur-Yvette";"Commune";"Moins de 30 ans";"Niveau de vie médian (en euros)";"Euros par an";"Unités";"Diffusable";"Normale";2021;22430
"Massy";"Commune";"Total";"Niveau de vie médian (en euros)";"Euros par an";"Unités";"Diffusable";"Normale";2021;24560
"Gometz-le-Châtel";"Commune";"Total";"Niveau de vie médian (en euros)";"Euros par an";"Unités";"Diffusable";"Normale";2021;30690
"Longjumeau";"Commune";"Moins de 30 ans";"Taux de pauvreté (en %) au seuil de 60 % de la médiane du niveau de vie";"Pourcentage";"Unités";"Diffusable";"Normale";2021;22
"Saulx-les-Chartreux";"Commune";"De 40 à 49 ans";"Niveau de vie médian (en euros)";"Euros par an";"Unités";"Diffusable";"Normale";2021;27130
"Palaiseau";"Commune";"De 30 à 39 ans";"Taux de pauvreté (en %) au seuil de 60 % de la médiane du niveau de vie";"Pourcentage";"Unités";"Diffusable";"Normale";2021;12
"Champlan";"Commune";"De 50 à 59 ans";"Taux de pauvreté (en %) au seuil de 60 % de la médiane du niveau de vie";"Pourcentage";"Unités";"Confidentiel (secret statistique)";"Normale";2021;
"Saulx-les-Chartreux";"Commune";"De 30 à 39 ans";"Taux de pauvreté (en %) au seuil de 60 % de la médiane du niveau de vie";"Pourcentage";"Unités";"Confidentiel (secret statistique)";"Normale";2021;
"Massy";"Commune";"75 ans ou plus";"Taux de pauvreté (en %) au seuil de 60 % de la médiane du niveau de vie";"Pourcentage";"Unités";"Diffusable";"Normale";2021;12
"Saint-Aubin";"Commune";"Total";"Taux de pauvreté (en %) au seuil de 60 % de la médiane du niveau de vie";"Pourcentage";"Unités";"Confidentiel (secret statistique)";"Normale";2021;
"Wissous";"Commune";"75 ans ou plus";"Taux de pauvreté (en %) au seuil de 60 % de la médiane du niveau de vie";"Pourcentage";"Unités";"Confidentiel (secret statistique)";"Normale";2021;
"Linas";"Commune";"Total";"Niveau de vie médian (en euros)";"Euros par an";"Unités";"Diffusable";"Normale";2021;26350
"Nozay";"Commune";"De 30 à 39 ans";"Taux de pauvreté (en %) au seuil de 60 % de la médiane du niveau de vie";"Pourcentage";"Unités";"Confidentiel (secret statistique)";"Normale";2021;
"La Ville-du-Bois";"Commune";"Total";"Niveau de vie médian (en euros)";"Euros par an";"Unités";"Diffusable";"Normale";2021;27390
"Verrières-le-Buisson";"Commune";"De 40 à 49 ans";"Niveau de vie médian (en euros)";"Euros par an";"Unités";"Diffusable";"Normale";2021;35300
"Longjumeau";"Commune";"De 60 à 74 ans";"Taux de pauvreté (en %) au seuil de 60 % de la médiane du niveau de vie";"Pourcentage";"Unités";"Diffusable";"Normale";2021;11
"Orsay";"Commune";"Total";"Niveau de vie médian (en euros)";"Euros par an";"Unités";"Diffusable";"Normale";2021;33200
"Épinay-sur-Orge";"Commune";"Total";"Niveau de vie médian (en euros)";"Euros par an";"Unités";"Diffusable";"Normale";2021;28730
"Saclay";"Commune";"De 40 à 49 ans";"Niveau de vie médian (en euros)";"Euros par an";"Unités";"Diffusable";"Normale";2021;33960
"Épinay-sur-Orge";"Commune";"75 ans ou plus";"Taux de pauvreté (en %) au seuil de 60 % de la médiane du niveau de vie";"Pourcentage";"Unités";"Confidentiel (secret statistique)";"Normale";2021;
"Les Ulis";"Commune";"Moins de 30 ans";"Niveau de vie médian (en euros)";"Euros par an";"Unités";"Diffusable";"Normale";2021;19220
"Bures-sur-Yvette";"Commune";"De 40 à 49 ans";"Taux de pauvreté (en %) au seuil de 60 % de la médiane du niveau de vie";"Pourcentage";"Unités";"Confidentiel (secret statistique)";"Normale";2021;
"La Ville-du-Bois";"Commune";"De 60 à 74 ans";"Niveau de vie médian (en euros)";"Euros par an";"Unités";"Diffusable";"Normale";2021;29130
"Épinay-sur-Orge";"Commune";"De 30 à 39 ans";"Taux de pauvreté (en %) au seuil de 60 % de la médiane du niveau de vie";"Pourcentage";"Unités";"Diffusable";"Normale";2021;12
"Verrières-le-Buisson";"Commune";"De 60 à 74 ans";"Niveau de vie médian (en euros)";"Euros par an";"Unités";"Diffusable";"Normale";2021;40680
"Ballainvilliers";"Commune";"75 ans ou plus";"Niveau de vie médian (en euros)";"Euros par an";"Unités";"Diffusable";"Normale";2021;32270
"Gif-sur-Yvette";"Commune";"Moins de 30 ans";"Taux de pauvreté (en %) au seuil de 60 % de la médiane du niveau de vie";"Pourcentage";"Unités";"Confidentiel (secret statistique)";"Normale";2021;
"Champlan";"Commune";"De 40 à 49 ans";"Taux de pauvreté (en %) au seuil de 60 % de la médiane du niveau de vie";"Pourcentage";"Unités";"Confidentiel (secret statistique)";"Normale";2021;
"Linas";"Commune";"Moins de 30 ans";"Taux de pauvreté (en %) au seuil de 60 % de la médiane du niveau de vie";"Pourcentage";"Unités";"Confidentiel (secret statistique)";"Normale";2021;
"Marcoussis";"Commune";"Moins de 30 ans";"Niveau de vie médian (en euros)";"Euros par an";"Unités";"Diffusable";"Normale";2021;23020
"Saclay";"Commune";"De 30 à 39 ans";"Taux de pauvreté (en %) au seuil de 60 % de la médiane du niveau de vie";"Pourcentage";"Unités";"Confidentiel (secret statistique)";"Normale";2021;
"Villebon-sur-Yvette";"Commune";"De 50 à 59 ans";"Taux de pauvreté (en %) au seuil de 60 % de la médiane du niveau de vie";"Pourcentage";"Unités";"Confidentiel (secret statistique)";"Normale";2021;
"Villebon-sur-Yvette";"Commune";"De 30 à 39 ans";"Taux de pauvreté (en %) au seuil de 60 % de la médiane du niveau de vie";"Pourcentage";"Unités";"Confidentiel (secret statistique)";"Normale";2021;
"Saulx-les-Chartreux";"Commune";"De 60 à 74 ans";"Niveau de vie médian (en euros)";"Euros par an";"Unités";"Diffusable";"Normale";2021;30090
"Vauhallan";"Commune";"De 40 à 49 ans";"Niveau de vie médian (en euros)";"Euros par an";"Unités";"Confidentiel (secret statistique)";"Normale";2021;
"Igny";"Commune";"De 40 à 49 ans";"Taux de pauvreté (en %) au seuil de 60 % de la médiane du niveau de vie";"Pourcentage";"Unités";"Diffusable";"Normale";2021;8
"Linas";"Commune";"De 60 à 74 ans";"Niveau de vie médian (en euros)";"Euros par an";"Unités";"Diffusable";"Normale";2021;28620
"Igny";"Commune";"75 ans ou plus";"Niveau de vie médian (en euros)";"Euros par an";"Unités";"Diffusable";"Normale";2021;31490
"La Ville-du-Bois";"Commune";"De 40 à 49 ans";"Niveau de vie médian (en euros)";"Euros par an";"Unités";"Diffusable";"Normale";2021;27070
"Saulx-les-Chartreux";"Commune";"De 60 à 74 ans";"Taux de pauvreté (en %) au seuil de 60 % de la médiane du niveau de vie";"Pourcentage";"Unités";"Confidentiel (secret statistique)";"Normale";2021;
"La Ville-du-Bois";"Commune";"De 50 à 59 ans";"Taux de pauvreté (en %) au seuil de 60 % de la médiane du niveau de vie";"Pourcentage";"Unités";"Confidentiel (secret statistique)";"Normale";2021;
"Montlhéry";"Commune";"De 40 à 49 ans";"Niveau de vie médian (en euros)";"Euros par an";"Unités";"Diffusable";"Normale";2021;26800
"Marcoussis";"Commune";"De 30 à 39 ans";"Niveau de vie médian (en euros)";"Euros par an";"Unités";"Diffusable";"Normale";2021;26230
"Massy";"Commune";"De 40 à 49 ans";"Taux de pauvreté (en %) au seuil de 60 % de la médiane du niveau de vie";"Pourcentage";"Unités";"Diffusable";"Normale";2021;20
"Palaiseau";"Commune";"75 ans ou plus";"Taux de pauvreté (en %) au seuil de 60 % de la médiane du niveau de vie";"Pourcentage";"Unités";"Confidentiel (secret statistique)";"Normale";2021;
"Épinay-sur-Orge";"Commune";"75 ans ou plus";"Niveau de vie médian (en euros)";"Euros par an";"Unités";"Diffusable";"Normale";2021;30500
"Villebon-sur-Yvette";"Commune";"Moins de 30 ans";"Taux de pauvreté (en %) au seuil de 60 % de la médiane du niveau de vie";"Pourcentage";"Unités";"Confidentiel (secret statistique)";"Normale";2021;
"Champlan";"Commune";"De 60 à 74 ans";"Niveau de vie médian (en euros)";"Euros par an";"Unités";"Diffusable";"Normale";2021;26910
"Bures-sur-Yvette";"Commune";"75 ans ou plus";"Taux de pauvreté (en %) au seuil de 60 % de la médiane du niveau de vie";"Pourcentage";"Unités";"Confidentiel (secret statistique)";"Normale";2021;
"Igny";"Commune";"Total";"Niveau de vie médian (en euros)";"Euros par an";"Unités";"Diffusable";"Normale";2021;31760
"Chilly-Mazarin";"Commune";"De 40 à 49 ans";"Taux de pauvreté (en %) au seuil de 60 % de la médiane du niveau de vie";"Pourcentage";"Unités";"Diffusable";"Normale";2021;21
"Vauhallan";"Commune";"Total";"Niveau de vie médian (en euros)";"Euros par an";"Unités";"Diffusable";"Normale";2021;37410
"Saclay";"Commune";"De 60 à 74 ans";"Taux de pauvreté (en %) au seuil de 60 % de la médiane du niveau de vie";"Pourcentage";"Unités";"Confidentiel (secret statistique)";"Normale";2021;
"Gometz-le-Châtel";"Commune";"Moins de 30 ans";"Niveau de vie médian (en euros)";"Euros par an";"Unités";"Confidentiel (secret statistique)";"Normale";2021;
"Vauhallan";"Commune";"De 40 à 49 ans";"Taux de pauvreté (en %) au seuil de 60 % de la médiane du niveau de vie";"Pourcentage";"Unités";"Confidentiel (secret statistique)";"Normale";2021;
"Marcoussis";"Commune";"De 60 à 74 ans";"Niveau de vie médian (en euros)";"Euros par an";"Unités";"Diffusable";"Normale";2021;32200
"Bures-sur-Yvette";"Commune";"Total";"Niveau de vie médian (en euros)";"Euros par an";"Unités";"Diffusable";"Normale";2021;33510
"Nozay";"Commune";"De 40 à 49 ans";"Niveau de vie médian (en euros)";"Euros par an";"Unités";"Diffusable";"Normale";2021;29850
"Saclay";"Commune";"75 ans ou plus";"Niveau de vie médian (en euros)";"Euros par an";"Unités";"Diffusable";"Normale";2021;33030
"Villejust";"Commune";"75 ans ou plus";"Niveau de vie médian (en euros)";"Euros par an";"Unités";"Confidentiel (secret statistique)";"Normale";2021;
"Villebon-sur-Yvette";"Commune";"De 50 à 59 ans";"Niveau de vie médian (en euros)";"Euros par an";"Unités";"Diffusable";"Normale";2021;32210
"Orsay";"Commune";"De 40 à 49 ans";"Taux de pauvreté (en %) au seuil de 60 % de la médiane du niveau de vie";"Pourcentage";"Unités";"Diffusable";"Normale";2021;5
"Villejust";"Commune";"De 30 à 39 ans";"Taux de pauvreté (en %) au seuil de 60 % de la médiane du niveau de vie";"Pourcentage";"Unités";"Confidentiel (secret statistique)";"Normale";2021;
"Ballainvilliers";"Commune";"Moins de 30 ans";"Niveau de vie médian (en euros)";"Euros par an";"Unités";"Diffusable";"Normale";2021;22440
"Gif-sur-Yvette";"Commune";"De 30 à 39 ans";"Taux de pauvreté (en %) au seuil de 60 % de la médiane du niveau de vie";"Pourcentage";"Unités";"Diffusable";"Normale";2021;7
"Ballainvilliers";"Commune";"Total";"Niveau de vie médian (en euros)";"Euros par an";"Unités";"Diffusable";"Normale";2021;29750
"Nozay";"Commune";"De 40 à 49 ans";"Taux de pauvreté (en %) au seuil de 60 % de la médiane du niveau de vie";"Pourcentage";"Unités";"Confidentiel (secret statistique)";"Normale";2021;
"Saulx-les-Chartreux";"Commune";"De 30 à 39 ans";"Niveau de vie médian (en euros)";"Euros par an";"Unités";"Diffusable";"Normale";2021;25800
"Villejust";"Commune";"De 50 à 59 ans";"Niveau de vie médian (en euros)";"Euros par an";"Unités";"Diffusable";"Normale";2021;31220
"Longjumeau";"Commune";"75 ans ou plus";"Taux de pauvreté (en %) au seuil de 60 % de la médiane du niveau de vie";"Pourcentage";"Unités";"Confidentiel (secret statistique)";"Normale";2021;
"Les Ulis";"Commune";"De 60 à 74 ans";"Taux de pauvreté (en %) au seuil de 60 % de la médiane du niveau de vie";"Pourcentage";"Unités";"Diffusable";"Normale";2021;17
"Marcoussis";"Commune";"De 60 à 74 ans";"Taux de pauvreté (en %) au seuil de 60 % de la médiane du niveau de vie";"Pourcentage";"Unités";"Confidentiel (secret statistique)";"Normale";2021;
"Longjumeau";"Commune";"De 60 à 74 ans";"Niveau de vie médian (en euros)";"Euros par an";"Unités";"Diffusable";"Normale";2021;25770
"Saint-Aubin";"Commune";"De 50 à 59 ans";"Taux de pauvreté (en %) au seuil de 60 % de la médiane du niveau de vie";"Pourcentage";"Unités";"Confidentiel (secret statistique)";"Normale";2021;
"Épinay-sur-Orge";"Commune";"De 40 à 49 ans";"Niveau de vie médian (en euros)";"Euros par an";"Unités";"Diffusable";"Normale";2021;27750
"Saulx-les-Chartreux";"Commune";"De 50 à 59 ans";"Niveau de vie médian (en euros)";"Euros par an";"Unités";"Diffusable";"Normale";2021;28050
"Chilly-Mazarin";"Commune";"De 40 à 49 ans";"Niveau de vie médian (en euros)";"Euros par an";"Unités";"Diffusable";"Normale";2021;21400
"Palaiseau";"Commune";"De 40 à 49 ans";"Taux de pauvreté (en %) au seuil de 60 % de la médiane du niveau de vie";"Pourcentage";"Unités";"Diffusable";"Normale";2021;12
"Gif-sur-Yvette";"Commune";"De 30 à 39 ans";"Niveau de vie médian (en euros)";"Euros par an";"Unités";"Diffusable";"Normale";2021;29830
"Épinay-sur-Orge";"Commune";"De 60 à 74 ans";"Niveau de vie médian (en euros)";"Euros par an";"Unités";"Diffusable";"Normale";2021;30390
"Saint-Aubin";"Commune";"De 50 à 59 ans";"Niveau de vie médian (en euros)";"Euros par an";"Unités";"Confidentiel (secret statistique)";"Normale";2021;
"Saclay";"Commune";"Total";"Taux de pauvreté (en %) au seuil de 60 % de la médiane du niveau de vie";"Pourcentage";"Unités";"Diffusable";"Normale";2021;6
"Villebon-sur-Yvette";"Commune";"De 40 à 49 ans";"Niveau de vie médian (en euros)";"Euros par an";"Unités";"Diffusable";"Normale";2021;28270
"Wissous";"Commune";"De 50 à 59 ans";"Niveau de vie médian (en euros)";"Euros par an";"Unités";"Diffusable";"Normale";2021;32830
"Chilly-Mazarin";"Commune";"Total";"Niveau de vie médian (en euros)";"Euros par an";"Unités";"Diffusable";"Normale";2021;23140
"Palaiseau";"Commune";"De 60 à 74 ans";"Niveau de vie médian (en euros)";"Euros par an";"Unités";"Diffusable";"Normale";2021;31660
"Orsay";"Commune";"De 30 à 39 ans";"Niveau de vie médian (en euros)";"Euros par an";"Unités";"Diffusable";"Normale";2021;29410
"Ballainvilliers";"Commune";"Total";"Taux de pauvreté (en %) au seuil de 60 % de la médiane du niveau de vie";"Pourcentage";"Unités";"Diffusable";"Normale";2021;7
"Orsay";"Commune";"De 40 à 49 ans";"Niveau de vie médian (en euros)";"Euros par an";"Unités";"Diffusable";"Normale";2021;33480
"Palaiseau";"Commune";"Moins de 30 ans";"Niveau de vie médian (en euros)";"Euros par an";"Unités";"Diffusable";"Normale";2021;23160
"Villiers-le-Bâcle";"Commune";"Moins de 30 ans";"Taux de pauvreté (en %) au seuil de 60 % de la médiane du niveau de vie";"Pourcentage";"Unités";"Confidentiel (secret statistique)";"Normale";2021;
"Nozay";"Commune";"75 ans ou plus";"Taux de pauvreté (en %) au seuil de 60 % de la médiane du niveau de vie";"Pourcentage";"Unités";"Confidentiel (secret statistique)";"Normale";2021;
"Saclay";"Commune";"Moins de 30 ans";"Niveau de vie médian (en euros)";"Euros par an";"Unités";"Confidentiel (secret statistique)";"Normale";2021;
"Igny";"Commune";"Moins de 30 ans";"Niveau de vie médian (en euros)";"Euros par an";"Unités";"Diffusable";"Normale";2021;22050
"Wissous";"Commune";"De 40 à 49 ans";"Taux de pauvreté (en %) au seuil de 60 % de la médiane du niveau de vie";"Pourcentage";"Unités";"Confidentiel (secret statistique)";"Normale";2021;
"Villebon-sur-Yvette";"Commune";"De 30 à 39 ans";"Niveau de vie médian (en euros)";"Euros par an";"Unités";"Diffusable";"Normale";2021;26970
"Les Ulis";"Commune";"De 40 à 49 ans";"Taux de pauvreté (en %) au seuil de 60 % de la médiane du niveau de vie";"Pourcentage";"Unités";"Diffusable";"Normale";2021;26
"Massy";"Commune";"De 50 à 59 ans";"Niveau de vie médian (en euros)";"Euros par an";"Unités";"Diffusable";"Normale";2021;24450
"Saint-Aubin";"Commune";"75 ans ou plus";"Taux de pauvreté (en %) au seuil de 60 % de la médiane du niveau de vie";"Pourcentage";"Unités";"Confidentiel (secret statistique)";"Normale";2021;
"Saulx-les-Chartreux";"Commune";"De 50 à 59 ans";"Taux de pauvreté (en %) au seuil de 60 % de la médiane du niveau de vie";"Pourcentage";"Unités";"Confidentiel (secret statistique)";"Normale";2021;
"Massy";"Commune";"De 50 à 59 ans";"Taux de pauvreté (en %) au seuil de 60 % de la médiane du niveau de vie";"Pourcentage";"Unités";"Diffusable";"Normale";2021;17
"La Ville-du-Bois";"Commune";"De 40 à 49 ans";"Taux de pauvreté (en %) au seuil de 60 % de la médiane du niveau de vie";"Pourcentage";"Unités";"Diffusable";"Normale";2021;10
"Nozay";"Commune";"De 50 à 59 ans";"Niveau de vie médian (en euros)";"Euros par an";"Unités";"Diffusable";"Normale";2021;34150
"Gif-sur-Yvette";"Commune";"75 ans ou plus";"Niveau de vie médian (en euros)";"Euros par an";"Unités";"Diffusable";"Normale";2021;37240
"Marcoussis";"Commune";"75 ans ou plus";"Taux de pauvreté (en %) au seuil de 60 % de la médiane du niveau de vie";"Pourcentage";"Unités";"Confidentiel (secret statistique)";"Normale";2021;
"La Ville-du-Bois";"Commune";"75 ans ou plus";"Taux de pauvreté (en %) au seuil de 60 % de la médiane du niveau de vie";"Pourcentage";"Unités";"Confidentiel (secret statistique)";"Normale";2021;
"Les Ulis";"Commune";"De 50 à 59 ans";"Taux de pauvreté (en %) au seuil de 60 % de la médiane du niveau de vie";"Pourcentage";"Unités";"Diffusable";"Normale";2021;22
"Villejust";"Commune";"De 60 à 74 ans";"Taux de pauvreté (en %) au seuil de 60 % de la médiane du niveau de vie";"Pourcentage";"Unités";"Confidentiel (secret statistique)";"Normale";2021;
"Épinay-sur-Orge";"Commune";"De 60 à 74 ans";"Taux de pauvreté (en %) au seuil de 60 % de la médiane du niveau de vie";"Pourcentage";"Unités";"Confidentiel (secret statistique)";"Normale";2021;
"Gometz-le-Châtel";"Commune";"De 30 à 39 ans";"Taux de pauvreté (en %) au seuil de 60 % de la médiane du niveau de vie";"Pourcentage";"Unités";"Confidentiel (secret statistique)";"Normale";2021;
"Gif-sur-Yvette";"Commune";"De 40 à 49 ans";"Taux de pauvreté (en %) au seuil de 60 % de la médiane du niveau de vie";"Pourcentage";"Unités";"Diffusable";"Normale";2021;5
"Gometz-le-Châtel";"Commune";"75 ans ou plus";"Niveau de vie médian (en euros)";"Euros par an";"Unités";"Diffusable";"Normale";2021;32740
"Nozay";"Commune";"Total";"Niveau de vie médian (en euros)";"Euros par an";"Unités";"Diffusable";"Normale";2021;30540
"Gometz-le-Châtel";"Commune";"Total";"Taux de pauvreté (en %) au seuil de 60 % de la médiane du niveau de vie";"Pourcentage";"Unités";"Diffusable";"Normale";2021;8
"Verrières-le-Buisson";"Commune";"75 ans ou plus";"Niveau de vie médian (en euros)";"Euros par an";"Unités";"Diffusable";"Normale";2021;35720
"Bures-sur-Yvette";"Commune";"De 40 à 49 ans";"Niveau de vie médian (en euros)";"Euros par an";"Unités";"Diffusable";"Normale";2021;34190
"Montlhéry";"Commune";"De 60 à 74 ans";"Taux de pauvreté (en %) au seuil de 60 % de la médiane du niveau de vie";"Pourcentage";"Unités";"Confidentiel (secret statistique)";"Normale";2021;
"Bures-sur-Yvette";"Commune";"De 60 à 74 ans";"Niveau de vie médian (en euros)";"Euros par an";"Unités";"Diffusable";"Normale";2021;38520
"Saclay";"Commune";"Moins de 30 ans";"Taux de pauvreté (en %) au seuil de 60 % de la médiane du niveau de vie";"Pourcentage";"Unités";"Confidentiel (secret statistique)";"Normale";2021;
"Villebon-sur-Yvette";"Commune";"De 60 à 74 ans";"Taux de pauvreté (en %) au seuil de 60 % de la médiane du niveau de vie";"Pourcentage";"Unités";"Confidentiel (secret statistique)";"Normale";2021;
"Saclay";"Commune";"Total";"Niveau de vie médian (en euros)";"Euros par an";"Unités";"Diffusable";"Normale";2021;34070
"Palaiseau";"Commune";"Moins de 30 ans";"Taux de pauvreté (en %) au seuil de 60 % de la médiane du niveau de vie";"Pourcentage";"Unités";"Diffusable";"Normale";2021;18
"Palaiseau";"Commune";"De 30 à 39 ans";"Niveau de vie médian (en euros)";"Euros par an";"Unités";"Diffusable";"Normale";2021;26440
"Longjumeau";"Commune";"De 50 à 59 ans";"Taux de pauvreté (en %) au seuil de 60 % de la médiane du niveau de vie";"Pourcentage";"Unités";"Diffusable";"Normale";2021;15
"Verrières-le-Buisson";"Commune";"Total";"Niveau de vie médian (en euros)";"Euros par an";"Unités";"Diffusable";"Normale";2021;36270
"Linas";"Commune";"Moins de 30 ans";"Niveau de vie médian (en euros)";"Euros par an";"Unités";"Diffusable";"Normale";2021;22850
"Linas";"Commune";"75 ans ou plus";"Niveau de vie médian (en euros)";"Euros par an";"Unités";"Diffusable";"Normale";2021;27750
"Saint-Aubin";"Commune";"De 30 à 39 ans";"Niveau de vie médian (en euros)";"Euros par an";"Unités";"Confidentiel (secret statistique)";"Normale";2021;
"Villejust";"Commune";"Moins de 30 ans";"Taux de pauvreté (en %) au seuil de 60 % de la médiane du niveau de vie";"Pourcentage";"Unités";"Confidentiel (secret statistique)";"Normale";2021;
"Igny";"Commune";"Moins de 30 ans";"Taux de pauvreté (en %) au seuil de 60 % de la médiane du niveau de vie";"Pourcentage";"Unités";"Confidentiel (secret statistique)";"Normale";2021;
"Orsay";"Commune";"De 60 à 74 ans";"Taux de pauvreté (en %) au seuil de 60 % de la médiane du niveau de vie";"Pourcentage";"Unités";"Confidentiel (secret statistique)";"Normale";2021;
"Champlan";"Commune";"Total";"Niveau de vie médian (en euros)";"Euros par an";"Unités";"Diffusable";"Normale";2021;25020
"Communauté d'agglomération Communauté Paris-Saclay";"Etablissement public de coopération intercommunal";"Moins de 30 ans";"Niveau de vie médian (en euros)";"Euros par an";"Unités";"Diffusable";"Normale";2021;22650
"Communauté d'agglomération Communauté Paris-Saclay";"Etablissement public de coopération intercommunal";"De 60 à 74 ans";"Taux de pauvreté (en %) au seuil de 60 % de la médiane du niveau de vie";"Pourcentage";"Unités";"Diffusable";"Normale";2021;8
"Communauté d'agglomération Communauté Paris-Saclay";"Etablissement public de coopération intercommunal";"De 50 à 59 ans";"Niveau de vie médian (en euros)";"Euros par an";"Unités";"Diffusable";"Normale";2021;29870
"Communauté d'agglomération Communauté Paris-Saclay";"Etablissement public de coopération intercommunal";"De 40 à 49 ans";"Niveau de vie médian (en euros)";"Euros par an";"Unités";"Diffusable";"Normale";2021;26690
"Communauté d'agglomération Communauté Paris-Saclay";"Etablissement public de coopération intercommunal";"De 30 à 39 ans";"Taux de pauvreté (en %) au seuil de 60 % de la médiane du niveau de vie";"Pourcentage";"Unités";"Diffusable";"Normale";2021;13,2
"Communauté d'agglomération Communauté Paris-Saclay";"Etablissement public de coopération intercommunal";"75 ans ou plus";"Taux de pauvreté (en %) au seuil de 60 % de la médiane du niveau de vie";"Pourcentage";"Unités";"Diffusable";"Normale";2021;6,1
"Communauté d'agglomération Communauté Paris-Saclay";"Etablissement public de coopération intercommunal";"Total";"Taux de pauvreté (en %) au seuil de 60 % de la médiane du niveau de vie";"Pourcentage";"Unités";"Diffusable";"Normale";2021;11,3
"Communauté d'agglomération Communauté Paris-Saclay";"Etablissement public de coopération intercommunal";"Total";"Niveau de vie médian (en euros)";"Euros par an";"Unités";"Diffusable";"Normale";2021;27650
"Communauté d'agglomération Communauté Paris-Saclay";"Etablissement public de coopération intercommunal";"De 60 à 74 ans";"Niveau de vie médian (en euros)";"Euros par an";"Unités";"Diffusable";"Normale";2021;30390
"Communauté d'agglomération Communauté Paris-Saclay";"Etablissement public de coopération intercommunal";"Moins de 30 ans";"Taux de pauvreté (en %) au seuil de 60 % de la médiane du niveau de vie";"Pourcentage";"Unités";"Diffusable";"Normale";2021;18,3
"Communauté d'agglomération Communauté Paris-Saclay";"Etablissement public de coopération intercommunal";"De 30 à 39 ans";"Niveau de vie médian (en euros)";"Euros par an";"Unités";"Diffusable";"Normale";2021;25510
"Communauté d'agglomération Communauté Paris-Saclay";"Etablissement public de coopération intercommunal";"75 ans ou plus";"Niveau de vie médian (en euros)";"Euros par an";"Unités";"Diffusable";"Normale";2021;29570
"Communauté d'agglomération Communauté Paris-Saclay";"Etablissement public de coopération intercommunal";"De 50 à 59 ans";"Taux de pauvreté (en %) au seuil de 60 % de la médiane du niveau de vie";"Pourcentage";"Unités";"Diffusable";"Normale";2021;10,1
"Communauté d'agglomération Communauté Paris-Saclay";"Etablissement public de coopération intercommunal";"De 40 à 49 ans";"Taux de pauvreté (en %) au seuil de 60 % de la médiane du niveau de vie";"Pourcentage";"Unités";"Diffusable";"Normale";2021;13,2